<!--Всё для пустой банки-->

<config>
<!--зачерпнуть набрав пустую банку-->
    <append xpath="/items">
        <item name="drinkJarEmpty">
            <property name="HoldType" value="3"/>
            <property name="Meshfile" value="@:Other/Items/Food/emptyJarPrefab.prefab"/>
            <property name="DropMeshfile" value="@:Other/Items/Misc/sack_droppedPrefab.prefab"/>
            <property name="Material" value="Mglass"/>
            <property name="Stacknumber" value="1250"/>
            <property name="Weight" value="10"/>
            <property name="EconomicValue" value="6"/>
            <property name="CraftingIngredientTime" value="9"/>
            <property class="Action1">
                <property name="Class" value="CollectWater"/>
                <property name="Delay" value="0.35"/>
                <property name="Change_item_to" value="drinkJarRiverWater"/>
                <property name="Do_block_action" value="deplete1"/>
                <property name="Focused_blockname_1" value="water"/>
                <property name="Focused_blockname_2" value="waterMoving"/>
                <property name="Focused_blockname_3" value="waterStaticBucket"/>
                <property name="Focused_blockname_4" value="waterMovingBucket"/>
                <property name="Focused_blockname_5" value="terrWaterPOI"/>
                <property name="Sound_start" value="bucketfill_water"/>
            </property>
            <property name="Group" value="Resources"/>
        </item>
    </append>

<!--<append xpath="/items">
        <item name="drinkCanEmpty"> 
	        <property name="HoldType" value="14"/> 
	        <property name="Meshfile" value="@:Other/Items/Food/can_emptyPrefab.prefab"/> 
	        <property name="DropMeshfile" value="@:Other/Items/Misc/sack_droppedPrefab.prefab"/> 
	        <property name="Material" value="Mmetal"/> 
	        <property name="Stacknumber" value="500"/> 
	        <property name="EconomicValue" value="5"/> 
	        <property name="CraftingIngredientTime" value="9"/> 
	        <property name="Group" value="Resources"/> 
        </item> 
    </append>-->

<!--чтобы появлялась после того как выпит напиток-->
    <append xpath="/items/item[@name='drinkJarRiverWater']/property[@class='Action0']">
        <property name="Create_item" value="drinkJarEmpty"/>
    </append>

    <append xpath="/items/item[@name='drinkJarBoiledWater']/property[@class='Action0']">
        <property name="Create_item" value="drinkJarEmpty"/>
    </append>

    <append xpath="/items/item[@name='drinkJarPureMineralWater']/property[@class='Action0']">
        <property name="Create_item" value="drinkJarEmpty"/>
    </append>

    <append xpath="/items/item[@name='drinkJarYuccaJuice']/property[@class='Action0']">
        <property name="Create_item" value="drinkJarEmpty"/>
    </append>
    
    <append xpath="/items/item[@name='drinkJarGoldenRodTea']/property[@class='Action0']">
        <property name="Create_item" value="drinkJarEmpty"/>
    </append>
    
    <append xpath="/items/item[@name='drinkJarRedTea']/property[@class='Action0']">
        <property name="Create_item" value="drinkJarEmpty"/>
    </append>
    
    <append xpath="/items/item[@name='drinkYuccaJuiceSmoothie']/property[@class='Action0']">
        <property name="Create_item" value="drinkJarEmpty"/>
    </append>
    
    <append xpath="/items/item[@name='drinkJarCoffee']/property[@class='Action0']">
        <property name="Create_item" value="drinkJarEmpty"/>
    </append>
    
    <append xpath="/items/item[@name='drinkJarBeer']/property[@class='Action0']">
        <property name="Create_item" value="drinkJarEmpty"/>
    </append>
    
    <append xpath="/items/item[@name='drinkJarGrandpasMoonshine']/property[@class='Action0']">
        <property name="Create_item" value="drinkJarEmpty"/>
    </append>
    
    <append xpath="/items/item[@name='drinkJarGrandpasAwesomeSauce']/property[@class='Action0']">
        <property name="Create_item" value="drinkJarEmpty"/>
    </append>
    
    <append xpath="/items/item[@name='drinkJarGrandpasForgettingElixir']/property[@class='Action0']">
        <property name="Create_item" value="drinkJarEmpty"/>
    </append>

    <append xpath="/items/item[(starts-with(@name, 'armor') or starts-with(@name, 'gun') or starts-with(@name, 'melee')) and contains(@name, 'Parts')]">
        <property name="Group" value="Tools/Traps"/>
    </append>

<!--улучшение и ускорение инструментов-->
    <set xpath="/items/item[@name='meleeToolRepairT0StoneAxe']/effect_group[@name='meleeToolRepairT0StoneAxe']/passive_effect[@name='AttacksPerMinute']/@value">400</set> <!-- Default 105 -->
    <set xpath="/items/item[@name='meleeToolRepairT0StoneAxe']/effect_group[@name='meleeToolRepairT0StoneAxe']/passive_effect[@name='StaminaLoss']/@value">.8</set> <!-- Default 8 -->
    <set xpath="/items/item[@name='meleeToolRepairT0StoneAxe']/effect_group[@name='meleeToolRepairT0StoneAxe']/passive_effect[@name='DegradationMax']/@value">5000,7500</set> <!-- Default 250,500 -->
    <set xpath="/items/item[@name='meleeToolRepairT0StoneAxe']/property[@class='Action1']/property[@name='Delay']/@value">.3</set> <!-- Default .64 -->
    <set xpath="/items/item[@name='meleeToolRepairT0StoneAxe']/property[@class='Action1']/property[@name='Repair_amount']/@value">2000</set> <!-- Default 100 -->
    <set xpath="/items/item[@name='meleeToolRepairT0StoneAxe']/effect_group[@name='meleeToolRepairT0StoneAxe']/display_value[@name='dBlockRepairAmount']/@value">2000</set> <!-- Default 100 -->

    <set xpath="/items/item[@name='meleeToolRepairT0TazasStoneAxe']/effect_group[@name='meleeToolRepairT0TazasStoneAxe']/passive_effect[@name='AttacksPerMinute']/@value">1000</set> <!-- Default 105 -->
    <set xpath="/items/item[@name='meleeToolRepairT0TazasStoneAxe']/effect_group[@name='meleeToolRepairT0TazasStoneAxe']/passive_effect[@name='StaminaLoss']/@value">.1</set> <!-- Default 9 -->
    <set xpath="/items/item[@name='meleeToolRepairT0TazasStoneAxe']/effect_group[@name='meleeToolRepairT0TazasStoneAxe']/passive_effect[@name='DegradationMax']/@value">15000,30000</set> <!-- Default 300,675 -->
    <set xpath="/items/item[@name='meleeToolRepairT0TazasStoneAxe']/effect_group[@name='meleeToolRepairT0TazasStoneAxe']/display_value[@name='dBlockRepairAmount']/@value">20000</set> <!-- Default 100 -->

    <set xpath="/items/item[@name='meleeToolRepairT1ClawHammer']/effect_group[@name='meleeToolRepairT1ClawHammer']/passive_effect[@name='AttacksPerMinute']/@value">160</set> <!-- Default 70 -->
    <set xpath="/items/item[@name='meleeToolRepairT1ClawHammer']/effect_group[@name='meleeToolRepairT1ClawHammer']/passive_effect[@name='StaminaLoss']/@value">1.7</set> <!-- Default 17.1 -->
    <set xpath="/items/item[@name='meleeToolRepairT1ClawHammer']/effect_group[@name='meleeToolRepairT1ClawHammer']/passive_effect[@name='DegradationMax']/@value">3000,10000</set> <!-- Default 300,1000 -->
    <set xpath="/items/item[@name='meleeToolRepairT1ClawHammer']/property[@class='Action1']/property[@name='Delay']/@value">.2</set> <!-- Default .64 -->
    <set xpath="/items/item[@name='meleeToolRepairT1ClawHammer']/property[@class='Action1']/property[@name='Repair_amount']/@value">4000</set> <!-- Default 400 -->
    <set xpath="/items/item[@name='meleeToolRepairT1ClawHammer']/effect_group[@name='meleeToolRepairT1ClawHammer']/display_value[@name='dBlockRepairAmount']/@value">4000</set> <!-- Default 400 -->

    <set xpath="/items/item[@name='meleeToolRepairT3Nailgun']/effect_group[@name='meleeToolRepairT3Nailgun']/passive_effect[@name='RoundsPerMinute']/@value">840</set> <!-- Default 257 -->
    <set xpath="/items/item[@name='meleeToolRepairT3Nailgun']/effect_group[@name='meleeToolRepairT3Nailgun']/passive_effect[@name='DegradationMax']/@value">10000,20000</set> <!-- Default 1000,2000 -->
    <set xpath="/items/item[@name='meleeToolRepairT3Nailgun']/property[@class='Action1']/property[@name='Delay']/@value">.05</set> <!-- Default .3 -->
    <set xpath="/items/item[@name='meleeToolRepairT3Nailgun']/property[@class='Action1']/property[@name='Repair_amount']/@value">10000</set> <!-- Default 1000 -->
    <set xpath="/items/item[@name='meleeToolRepairT3Nailgun']/effect_group[@name='meleeToolRepairT3Nailgun']/display_value[@name='dBlockRepairAmount']/@value">10000</set> <!-- Default 1000 -->
    <set xpath="/items/item[@name='meleeToolBlockReplaceTool']/property[@class='Action0']/property[@name='Delay']/@value">.05</set>
    <set xpath="/items/item[@name='meleeToolBlockReplaceTool']/property[@class='Action1']/property[@name='Delay']/@value">.05</set>

</config>


    