<configs>
    <append xpath="/recipes">
      <!-- Рецепты которых так не хватает  -->  <!--  -->
      <!-- Варианты крафтов обычной краски с простой водой -->
      <recipe name="resourcePaint" count="500" craft_time="2" craft_area="chemistryStation" tags="chemStationCrafting">
          <ingredient name="resourceCropCottonPlant" count="1"/>
          <ingredient name="drinkJarBoiledWater" count="1"/>
      </recipe>
	
      <recipe name="resourcePaint" count="500" craft_time="2" craft_area="chemistryStation" tags="chemStationCrafting">
          <ingredient name="resourceCropAloeLeaf" count="1"/>
          <ingredient name="drinkJarBoiledWater" count="1"/>
      </recipe>
	
      <recipe name="resourcePaint" count="500" craft_time="2" craft_area="chemistryStation" tags="chemStationCrafting">
          <ingredient name="foodCropBlueberries" count="1"/>
          <ingredient name="drinkJarBoiledWater" count="1"/>
      </recipe>
      <!-- Варианты крафтов обычной краски с ведром и снежком -->
      <recipe name="resourcePaint" count="500" craft_time="2" craft_area="chemistryStation" tags="chemStationCrafting">
          <ingredient name="resourceCropCottonPlant" count="1"/>
          <ingredient name="bucketEmpty" count="1"/>
          <ingredient name="resourceSnowBall" count="50"/>
      </recipe>
	
      <recipe name="resourcePaint" count="500" craft_time="2" craft_area="chemistryStation" tags="chemStationCrafting">
          <ingredient name="resourceCropAloeLeaf" count="1"/>
          <ingredient name="bucketEmpty" count="1"/>
          <ingredient name="resourceSnowBall" count="50"/>
      </recipe>
	
      <recipe name="resourcePaint" count="500" craft_time="2" craft_area="chemistryStation" tags="chemStationCrafting">
          <ingredient name="foodCropBlueberries" count="1"/>
          <ingredient name="bucketEmpty" count="1"/>
          <ingredient name="resourceSnowBall" count="50"/>
		  </recipe>
      <recipe name="resourcePaint" count="500" craft_time="2" craft_area="chemistryStation" tags="chemStationCrafting">
		      <ingredient name="resourceCropChrysanthemumPlant" count="1"/>
          <ingredient name="bucketEmpty" count="1"/>
          <ingredient name="resourceSnowBall" count="50"/>
      </recipe>
      <!-- крафт простой воды из Бутылки и снежка на костре -->
      <recipe name="drinkJarRiverWater" count="1" craft_time="0" craft_area="campfire" tags="perkMasterChef">
	         <ingredient name="resourceSnowBall" count="1"/>
	         <ingredient name="drinkJarEmpty" count="1"/>
      </recipe>
      <!-- крафт банки для воды в печке -->
	    <recipe name="drinkJarEmpty" count="1" craft_time="0" material_based="true" craft_area="forge" is_trackable="false" tags="perkAdvancedEngineering">
	        <ingredient name="unit_glass" count="10"/>
	        <ingredient name="unit_clay" count="1"/>
	    </recipe>
      <!-- крафт битого стекла на верстаке -->
      <recipe name="resourceBrokenGlass" count="3" craft_time="1" craft_area="workbench" tags="workbenchCrafting">
          <ingredient name="glassBlockVariantHelper" count="1"/>
      </recipe>
      <!-- крафты всех красителей -->
      <recipe name="modDyeBrown" count="1" craft_time="2" craft_area="chemistryStation" tags="chemStationCrafting">
		    	<ingredient name="resourcePaint" count="1000"/>
          <ingredient name="drinkJarEmpty" count="1"/>
      </recipe>
      <recipe name="modDyeRed" count="1" craft_time="2" craft_area="chemistryStation" tags="chemStationCrafting">
		      <ingredient name="resourcePaint" count="1000"/>
          <ingredient name="drinkJarEmpty" count="1"/>
      </recipe>
      <recipe name="modDyeOrange" count="1" craft_time="2" craft_area="chemistryStation" tags="chemStationCrafting">
		    	<ingredient name="resourcePaint" count="1000"/>
          <ingredient name="drinkJarEmpty" count="1"/>
      </recipe>
      <recipe name="modDyeYellow" count="1" craft_time="2" craft_area="chemistryStation" tags="chemStationCrafting">
		    	<ingredient name="resourcePaint" count="1000"/>
          <ingredient name="drinkJarEmpty" count="1"/>
      </recipe>
      <recipe name="modDyeGreen" count="1" craft_time="2" craft_area="chemistryStation" tags="chemStationCrafting">
		    	<ingredient name="resourcePaint" count="1000"/>
          <ingredient name="drinkJarEmpty" count="1"/>
      </recipe>
      <recipe name="modDyeBlue" count="1" craft_time="2" craft_area="chemistryStation" tags="chemStationCrafting">
		      <ingredient name="resourcePaint" count="1000"/>
          <ingredient name="drinkJarEmpty" count="1"/>
      </recipe>
      <recipe name="modDyePurple" count="1" craft_time="2" craft_area="chemistryStation" tags="chemStationCrafting">
		    	<ingredient name="resourcePaint" count="1000"/>
          <ingredient name="drinkJarEmpty" count="1"/>
      </recipe>
      <recipe name="modDyeBlack" count="1" craft_time="2" craft_area="chemistryStation" tags="chemStationCrafting">
		    	<ingredient name="resourcePaint" count="1000"/>
          <ingredient name="drinkJarEmpty" count="1"/>
      </recipe>
      <recipe name="modDyePink" count="1" craft_time="2" craft_area="chemistryStation" tags="chemStationCrafting">
		    	<ingredient name="resourcePaint" count="1000"/>
          <ingredient name="drinkJarEmpty" count="1"/>
      </recipe>
      <recipe name="modDyeWhite" count="1" craft_time="2" craft_area="chemistryStation" tags="chemStationCrafting">
		    	<ingredient name="resourcePaint" count="1000"/>
          <ingredient name="drinkJarEmpty" count="1"/>
      </recipe>
            
      <!-- 
        Эта часть добавляет новые рецепты крафта для различных частей оружия и брони
        Рецепты разделены на категории: Основные Части Оружия, Продвинутые Части Оружия, Части Оружия Ближнего Боя, Части Инструментов и Части Брони.
        Каждая категория содержит подробное описание изменений, внесенных в рецепты крафта, включая увеличение затрат на материалы
        и конкретные ресурсы, требуемые для каждого рецепта.
        Элемент <append> используется для добавления этих новых рецептов в существующий список рецептов в игре без перезаписи оригинальных данных.
      -->
      <!-- Базовые детали оружия: рецепты изготовления базовых деталей оружия с использованием кованого железа и других материалов. -->
      <recipe name="gunMGT1AK47Parts" count="1" craft_area="workbench" tags="workbenchCrafting">
        <ingredient name="resourceForgedIron" count="10"/>
        <ingredient name="resourceDuctTape" count="4"/>
        <ingredient name="resourceMechanicalParts" count="6"/>
      </recipe>

      <recipe name="gunHandgunT1PistolParts" count="1" craft_area="workbench" tags="workbenchCrafting">
        <ingredient name="resourceForgedIron" count="8"/>
        <ingredient name="resourceDuctTape" count="3"/>
        <ingredient name="resourceMechanicalParts" count="5"/>
      </recipe>

      <recipe name="gunRifleT1HuntingRifleParts" count="1" craft_area="workbench" tags="workbenchCrafting">
        <ingredient name="resourceForgedIron" count="12"/>
        <ingredient name="resourceDuctTape" count="5"/>
        <ingredient name="resourceMechanicalParts" count="8"/>
      </recipe>

      <recipe name="gunShotgunT1DoubleBarrelParts" count="1" craft_area="workbench" tags="workbenchCrafting">
        <ingredient name="resourceForgedIron" count="10"/>
        <ingredient name="resourceDuctTape" count="4"/>
        <ingredient name="resourceMechanicalParts" count="7"/>
      </recipe>

      <!-- Продвинутые Части Оружия: Рецепты для создания продвинутых частей оружия с использованием Кованой Стали и других материалов -->
      <recipe name="gunExplosivesT3RocketLauncherParts" count="1" craft_area="workbench" tags="workbenchCrafting">
        <ingredient name="resourceForgedSteel" count="20"/>
        <ingredient name="resourceDuctTape" count="8"/>
        <ingredient name="resourceMechanicalParts" count="15"/>
      </recipe>

      <recipe name="gunBotRoboticsParts" count="1" craft_area="workbench" tags="workbenchCrafting">
        <ingredient name="resourceForgedSteel" count="15"/>
        <ingredient name="resourceDuctTape" count="6"/>
        <ingredient name="resourceElectricParts" count="12"/>
      </recipe>

      <!-- Части Оружия Ближнего Боя: Рецепты для создания частей оружия ближнего боя с использованием Кованого Железа или Кованой Стали -->
      <recipe name="meleeWpnBatonT2StunBatonParts" count="1" craft_area="workbench" tags="workbenchCrafting">
        <ingredient name="resourceForgedIron" count="8"/>
        <ingredient name="resourceDuctTape" count="3"/>
        <ingredient name="resourceElectricParts" count="10"/>
      </recipe>

      <recipe name="meleeWpnKnucklesT3SteelKnucklesParts" count="1" craft_area="workbench" tags="workbenchCrafting">
        <ingredient name="resourceForgedSteel" count="12"/>
        <ingredient name="resourceDuctTape" count="5"/>
        <ingredient name="resourceMechanicalParts" count="8"/>
      </recipe>

      <recipe name="meleeWpnBladeT3MacheteParts" count="1" craft_area="workbench" tags="workbenchCrafting">
        <ingredient name="resourceForgedSteel" count="14"/>
        <ingredient name="resourceDuctTape" count="6"/>
        <ingredient name="resourceMechanicalParts" count="10"/>
      </recipe>

      <recipe name="meleeWpnSpearT3SteelSpearParts" count="1" craft_area="workbench" tags="workbenchCrafting">
        <ingredient name="resourceForgedSteel" count="12"/>
        <ingredient name="resourceDuctTape" count="4"/>
        <ingredient name="resourceMechanicalParts" count="9"/>
      </recipe>

      <recipe name="meleeWpnClubT3SteelClubParts" count="1" craft_area="workbench" tags="workbenchCrafting">
        <ingredient name="resourceForgedSteel" count="14"/>
        <ingredient name="resourceDuctTape" count="6"/>
        <ingredient name="resourceMechanicalParts" count="10"/>
      </recipe>

      <recipe name="meleeWpnSledgeT3SteelSledgehammerParts" count="1" craft_area="workbench" tags="workbenchCrafting">
        <ingredient name="resourceForgedSteel" count="16"/>
        <ingredient name="resourceDuctTape" count="7"/>
        <ingredient name="resourceMechanicalParts" count="12"/>
      </recipe>

      <!-- Части Инструментов: Рецепты для создания частей инструментов с использованием Кованой Стали -->
      <recipe name="meleeToolAxeT3ChainsawParts" count="1" craft_area="workbench" tags="workbenchCrafting">
        <ingredient name="resourceForgedSteel" count="18"/>
        <ingredient name="resourceDuctTape" count="8"/>
        <ingredient name="resourceMechanicalParts" count="15"/>
      </recipe>

      <recipe name="meleeToolAllSteelParts" count="1" craft_area="workbench" tags="workbenchCrafting">
        <ingredient name="resourceForgedSteel" count="12"/>
        <ingredient name="resourceDuctTape" count="5"/>
        <ingredient name="resourceMechanicalParts" count="9"/>
      </recipe>

      <!-- Части Брони: Рецепты для создания частей брони с использованием Кованой Стали -->
      <recipe name="armorParts" count="1" craft_area="workbench" tags="workbenchCrafting">
        <ingredient name="resourceForgedSteel" count="20"/>
        <ingredient name="resourceDuctTape" count="8"/>
        <ingredient name="resourceMechanicalParts" count="15"/>
      </recipe>

      <!--Ещё нужных крафтов-->
      <recipe name="resourceAnimalFat" count="1" craft_time="0" craft_area="campfire">
        <ingredient name="foodRawMeat" count="10"/>
      </recipe>
      
      <recipe name="resourceAnimalFat" count="1" craft_time="0" craft_area="campfire">
        <ingredient name="resourceBone" count="12"/>
      </recipe>
		  <recipe name="resourcePotassiumNitratePowder" count="0" craft_time="3" craft_area="chemistryStation">
		    <ingredient name="foodRottingFlesh" count="5"/>
		  </recipe>

		  <recipe name="foodRottingFlesh" count="5" craft_time="0" craft_area="chemistryStation">
		    <ingredient name="foodRawMeat" count="1"/>
		    <ingredient name="resourceYuccaFibers" count="5"/>
		  </recipe>
      <recipe name="resourceCoal" count="1" craft_time="0" craft_area="campfire" tags="perkMasterChef">
	      <ingredient name="resourceWood" count="1"/>
      </recipe>
      <!--крафты коробок с книгами-->
      <recipe name="questRewardT1BookBundle" count="1" craft_time="1" craft_area="workbench" tags="workbenchCrafting">
	      <ingredient name="resourcePaper" count="30"/>
        <ingredient name="resourcePaint" count="600"/>
        <ingredient name="resourceLeather" count="3"/>
        <ingredient name="resourceSewingKit" count="3"/>
        <ingredient name="resourceDuctTape" count="1"/>
      </recipe>
      <recipe name="questRewardT2BookBundle" count="1" craft_time="1" craft_area="workbench" tags="workbenchCrafting">
	      <ingredient name="resourcePaper" count="35"/>
        <ingredient name="resourcePaint" count="700"/>
        <ingredient name="resourceLeather" count="4"/>
        <ingredient name="resourceSewingKit" count="4"/>
        <ingredient name="resourceDuctTape" count="2"/>
      </recipe>
      <recipe name="questRewardT3BookBundle" count="1" craft_time="1" craft_area="workbench" tags="workbenchCrafting">
	      <ingredient name="resourcePaper" count="40"/>
        <ingredient name="resourcePaint" count="800"/>
        <ingredient name="resourceLeather" count="5"/>
        <ingredient name="resourceSewingKit" count="5"/>
        <ingredient name="resourceDuctTape" count="3"/>
      </recipe>
      <recipe name="questRewardT4BookBundle" count="1" craft_time="1" craft_area="workbench" tags="workbenchCrafting">
	      <ingredient name="resourcePaper" count="45"/>
        <ingredient name="resourcePaint" count="900"/>
        <ingredient name="resourceLeather" count="6"/>
        <ingredient name="resourceSewingKit" count="6"/>
        <ingredient name="resourceDuctTape" count="4"/>
      </recipe>
      <recipe name="questRewardT5BookBundle" count="1" craft_time="1" craft_area="workbench" tags="workbenchCrafting">
	      <ingredient name="resourcePaper" count="50"/>
        <ingredient name="resourcePaint" count="1000"/>
        <ingredient name="resourceLeather" count="7"/>
        <ingredient name="resourceSewingKit" count="7"/>
        <ingredient name="resourceDuctTape" count="5"/>
      </recipe>
      <recipe name="questRewardT5BookBundle" count="4" craft_time="1" craft_area="workbench" tags="workbenchCrafting">
        <ingredient name="resourceLegendaryParts" count="1"/>
      </recipe>
      <recipe name="resourceSewingKit" count="1" craft_time="1" craft_area="workbench" tags="workbenchCrafting">
        <ingredient name="resourceCloth" count="5"/>
        <ingredient name="resourceNail" count="1"/>
      </recipe>

      <!--крафт солнечных элементов-->
      <recipe name="solarbank" count="1" craft_area="workbench" tags="learnable,craftingElectrician">
        <ingredient name="resourceElectricParts" count="10"/>
        <ingredient name="resourceForgedSteel" count="22"/>
		  </recipe>

		  <recipe name="solarCell" count="1" craft_area="workbench" tags="learnable,craftingElectrician"> 
        <ingredient name="resourceElectricParts" count="30"/>
        <ingredient name="resourceScrapPolymers" count="20"/>
        <ingredient name="resourceSilverNugget" count="1"/>      
      </recipe>


      <recipe name="resourceAnimalFat" count="1" tooltip="ttScrapMetalBrass" always_unlocked="true" tags="salvageScrap"> <wildcard_forge_category /> </recipe>
      <recipe name="resourceAnimalFat" count="1" tooltip="ttScrapMetalBrass" always_unlocked="true" tags="salvageScrap"> <wildcard_forge_category /> </recipe>
      <recipe name="resourcePotassiumNitratePowder" count="1" tooltip="ttScrapMetalBrass" always_unlocked="true" tags="salvageScrap"> <wildcard_forge_category /> </recipe>
      <recipe name="foodRottingFlesh" count="1" tooltip="ttScrapMetalBrass" always_unlocked="true" tags="salvageScrap"> <wildcard_forge_category /> </recipe>
      <recipe name="resourceCoal" count="1" tooltip="ttScrapMetalBrass" always_unlocked="true" tags="salvageScrap"> <wildcard_forge_category /> </recipe>
    </append>
</configs>