<PlantToSeedling>

	<!--<set xpath="/blocks/block[@name='cropsGrowingMaster']/property[@name='PlantGrowing.GrowthRate']/@value">120</set>-->
	<!--When harvested, the plant is not destroyed, but only reset to a seedling.-->
	<append xpath="/blocks/block[@name='plantedCorn3HarvestPlayer']">		
		<property name="DowngradeBlock" value="plantedCorn1" prob="0.5"/>
	</append>

	<append xpath="/blocks/block[@name='plantedGraceCorn3HarvestPlayer']">
		<property name="DowngradeBlock" value="plantedGraceCorn1"/>
	</append>

	<append xpath="/blocks/block[@name='plantedHop3HarvestPlayer']">
		<property name="DowngradeBlock" value="plantedHop1"/>
	</append>

	<append xpath="/blocks/block[@name='plantedSnowberry3HarvestPlayer']">
		<property name="DowngradeBlock" value="plantedSnowberry1"/>
	</append>

	<append xpath="/blocks/block[@name='plantedPumpkin3HarvestPlayer']">
		<property name="DowngradeBlock" value="plantedPumpkin1" prob="0.5"/>
	</append>

	<append xpath="/blocks/block[@name='plantedMushroom3HarvestPlayer']">
		<property name="DowngradeBlock" value="plantedMushroom1" prob="0.5"/>
	</append>

	<append xpath="/blocks/block[@name='plantedYucca3HarvestPlayer']">
		<property name="DowngradeBlock" value="plantedYucca1" prob="0.5"/>
	</append>

	<append xpath="/blocks/block[@name='plantedCotton3HarvestPlayer']">
		<property name="DowngradeBlock" value="plantedCotton1" prob="0.5"/>
	</append>
	
	<append xpath="/blocks/block[@name='plantedCoffee3HarvestPlayer']">
		<property name="DowngradeBlock" value="plantedCoffee1" prob="0.5"/>
	</append>
	
	<append xpath="/blocks/block[@name='plantedGoldenrod3HarvestPlayer']">
		<property name="DowngradeBlock" value="plantedGoldenrod1" prob="0.5"/>
	</append>
	
	<append xpath="/blocks/block[@name='plantedAloe3HarvestPlayer']">
		<property name="DowngradeBlock" value="plantedAloe1" prob="0.5"/>
	</append>

	<append xpath="/blocks/block[@name='plantedBlueberry3HarvestPlayer']">
		<property name="DowngradeBlock" value="plantedBlueberry1" prob="0.5"/>
	</append>

	<append xpath="/blocks/block[@name='plantedPotato3HarvestPlayer']">
		<property name="DowngradeBlock" value="plantedPotato1" prob="0.5"/>
	</append>

	<append xpath="/blocks/block[@name='plantedChrysanthemum3HarvestPlayer']">
		<property name="DowngradeBlock" value="plantedChrysanthemum1" prob="0.5"/>
	</append>
	
</PlantToSeedling>