<configs patcher-version="4">

	<!-- Pinnable Recipes -->
	<append xpath="/windows">

		<!-- Left or Right side of screen -->
		<!-- anchor = "LeftCenter" or "RightCenter" -->
		<window name="windowPinRecipes" anchor="RightCenter" visible="true" grab_key_binding="G">

			<!-- Button to grab ingredients for all pinned recipes  -->
			<button pos="-35,300" width="20" height="20"
					name="btnGrab" type="sliced" hoverscale="1.2"
					sprite="ui_game_symbol_hand"
					defaultcolor="240,240,240,220"
					justify="center" pivot="center"
					sound="[paging_click]"
					foregroundlayer="true"
					visible="{hasContainer}"
					tooltip_key="xuiPinGrab" />

			<!-- pos = "-185,280" or "-185,280" -->
			<grid rows="10" pos="-185,280" width="170" height="560"
			      cell_height="70" cell_width="170" arrangement="vertical">

				<pinned_recipe_row/>
				<pinned_recipe_row/>
				<pinned_recipe_row/>
				<pinned_recipe_row/>
				<pinned_recipe_row/>
				<pinned_recipe_row/>

			</grid>

		</window>

	</append>

	<append xpath="/windows/window[@name='windowLooting' or @name='windowVehicleStorage']//rect[@controller='ContainerStandardControls']">

		<button depth="3" name="btnPinGrab"
				sprite="ui_game_symbol_pin"
				tooltip_key="xuiPinGrab"
				pos="154, -22" pivot="center"
				style="icon32px, press, hover" 
				visible="{hasPinnedRecipes}"
				sound="[paging_click]" />

	</append>

	<modif condition="xpath:/windows/window[@name='windowLooting' or @name='windowVehicleStorage']//rect[@controller='ContainerStandardControls'][count(button)=4]">
		<setattribute xpath="/windows/window[@name='windowLooting' or @name='windowVehicleStorage']//rect[@controller='ContainerStandardControls']/button[@name='btnPinGrab']" name="pos">154, -22</setattribute>
	</modif>
	<modelsif condition="xpath:/windows/window[@name='windowLooting' or @name='windowVehicleStorage']//rect[@controller='ContainerStandardControls'][count(button)=5]">
		<setattribute xpath="/windows/window[@name='windowLooting' or @name='windowVehicleStorage']//rect[@controller='ContainerStandardControls']/button[@name='btnPinGrab']" name="pos">114, -22</setattribute>
	</modelsif>
	<modelsif condition="xpath:/windows/window[@name='windowLooting' or @name='windowVehicleStorage']//rect[@controller='ContainerStandardControls'][count(button)=6]">
		<setattribute xpath="/windows/window[@name='windowLooting' or @name='windowVehicleStorage']//rect[@controller='ContainerStandardControls']/button[@name='btnPinGrab']" name="pos">74, -22</setattribute>
	</modelsif>
	<modelse>
		<echo error="No valid XML found to patch Grab Ingredients Button to Container Standard Controls"/>
	</modelse>

</configs>
