<configs>
    <set xpath="//crafting_skill[@name='craftingShotguns']/display_entry[@name_key='Tier 1 Shotguns']/@name_key">
        Дробовики (1 ур.)
    </set>
    <set xpath="//crafting_skill[@name='craftingShotguns']/display_entry[@name_key='Tier 2 Shotguns']/@name_key">
        Дробовики (2 ур.)
    </set>
    <set xpath="//crafting_skill[@name='craftingShotguns']/display_entry[@name_key='Tier 3 Shotguns']/@name_key">
        Дробовики (3 ур.)
    </set>

    <set xpath="//crafting_skill[@name='craftingHandguns']/display_entry[@name_key='Tier 1 Pistols and SMGs']/@name_key">
        Пистолеты и ПП (1 ур.)
    </set>
    <set xpath="//crafting_skill[@name='craftingHandguns']/display_entry[@name_key='Tier 2 Submachineguns']/@name_key">
        ПП (2 ур.)
    </set>
    <set xpath="//crafting_skill[@name='craftingHandguns']/display_entry[@name_key='Tier 3 Submachineguns']/@name_key">
        ПП (3 ур.)
    </set>
    <set xpath="//crafting_skill[@name='craftingHandguns']/display_entry[@name_key='Tier 4 Submachineguns']/@name_key">
        ПП (4 ур.)
    </set>

    <set xpath="//crafting_skill[@name='craftingMachineGuns']/display_entry[@name_key='Tier 2 Assault Rifles']/@name_key">
        Автоматы (2 ур.)
    </set>
    <set xpath="//crafting_skill[@name='craftingMachineGuns']/display_entry[@name_key='Tier 3 Assault Rifles']/@name_key">
        Автоматы (3 ур.)
    </set>
    <set xpath="//crafting_skill[@name='craftingMachineGuns']/display_entry[@name_key='Tier 4 Assault Rifles and MGs']/@name_key">
        Автоматы и пулеметы (4 ур.)
    </set>
    <set xpath="//crafting_skill[@name='craftingMachineGuns']/display_entry[@name_key='Tier 5 Assault Rifles and MGs']/@name_key">
        Автоматы и пулеметы (5 ур.)
    </set>

    <set xpath="//crafting_skill[@name='craftingRifles']/display_entry[@name_key='Tier 1 Sniper Rifles']/@name_key">
        Винтовки (1 ур.)
    </set>
    <set xpath="//crafting_skill[@name='craftingRifles']/display_entry[@name_key='Tier 2 DMRs and Sniper Rifles']/@name_key">
        Специальные и стандартные винтовки (2 ур.)
    </set>
    <set xpath="//crafting_skill[@name='craftingRifles']/display_entry[@name_key='Tier 3 DMRs and Sniper Rifles']/@name_key">
        Специальные и стандартные винтовки (3 ур.)
    </set>
    <set xpath="//crafting_skill[@name='craftingRifles']/display_entry[@name_key='Tier 4 DMRs and Sniper Rifles']/@name_key">
        Специальные и стандартные винтовки (4 ур.)
    </set>
    <set xpath="//crafting_skill[@name='craftingRifles']/display_entry[@name_key='Tier 5 DMR and Sniper Rifles']/@name_key">
        Специальные и стандартные винтовки (5 ур.)
    </set>

    <set xpath="//perk[@name='perkAthlete']/@name_key">
        Атлет
    </set>
    <set xpath="//perk[@name='perkAthlete']/@desc_key">
        Бегайте быстрее
    </set>
    <set xpath="//perk[@name='perkAthlete']/effect_group/effect_description[@level='1']/@desc_base">
        Скороход
    </set>
    <set xpath="//perk[@name='perkAthlete']/effect_group/effect_description[@level='2']/@desc_base">
        Бегун
    </set>
    <set xpath="//perk[@name='perkAthlete']/effect_group/effect_description[@level='3']/@desc_base">
        Спринтер
    </set>
    <set xpath="//perk[@name='perkAthlete']/effect_group/effect_description[@level='4']/@desc_base">
        Атлет
    </set>
    <set xpath="//perk[@name='perkAthlete']/effect_group/effect_description[@level='1']/@long_desc_key">
        Вы бегаете на [4FBE28]2.5%[-] быстрее и теряете на [4FBE28]20%[-] меньше выносливости при прыжках.
    </set>
    <set xpath="//perk[@name='perkAthlete']/effect_group/effect_description[@level='2']/@long_desc_key">
        Вы бегаете на [4FBE28]5%[-] быстрее и теряете на [4FBE28]40%[-] меньше выносливости при прыжках.
    </set>
    <set xpath="//perk[@name='perkAthlete']/effect_group/effect_description[@level='3']/@long_desc_key">
        Вы бегаете на [4FBE28]7.5%[-] быстрее и теряете на [4FBE28]60%[-] меньше выносливости при прыжках.
    </set>
    <set xpath="//perk[@name='perkAthlete']/effect_group/effect_description[@level='4']/@long_desc_key">
        Вы бегаете на [4FBE28]10%[-] быстрее и теряете на [4FBE28]80%[-] меньше выносливости при прыжках.
    </set>

    <set xpath="//perk[@name='perkPlaqueDoctor']/@name_key">
        Чумной доктор
    </set>
    <set xpath="//perk[@name='perkPlaqueDoctor']/@desc_key">
        Учитесь разбирать зомби
    </set>
    <set xpath="//perk[@name='perkPlaqueDoctor']/effect_group/effect_description[@level='1']/@desc_base">
        По кусочкам
    </set>
    <set xpath="//perk[@name='perkPlaqueDoctor']/effect_group/effect_description[@level='2']/@desc_base">
        Фатальное ослабление
    </set>
    <set xpath="//perk[@name='perkPlaqueDoctor']/effect_group/effect_description[@level='3']/@desc_base">
        Серьезные увечья
    </set>
    <set xpath="//perk[@name='perkPlaqueDoctor']/effect_group/effect_description[@level='4']/@desc_base">
        Одна нога тут...
    </set>
    <set xpath="//perk[@name='perkPlaqueDoctor']/effect_group/effect_description[@level='5']/@desc_base">
        Бесконечность
    </set>

    <set xpath="//perk[@name='perkAdrenalineRush']/@name_key">
        Адреналин
    </set>
    <set xpath="//perk[@name='perkAdrenalineRush']/@desc_key">
        Учитесь выживать при низком здоровье
    </set>
    <set xpath="//perk[@name='perkAdrenalineRush']/effect_group/effect_description[@level='1']/@desc_base">
        Критический урон
    </set>
    <set xpath="//perk[@name='perkAdrenalineRush']/effect_group/effect_description[@level='2']/@desc_base">
        Ярко-красный
    </set>
    <set xpath="//perk[@name='perkAdrenalineRush']/effect_group/effect_description[@level='3']/@desc_base">
        Расширенные зрачки
    </set>
    <set xpath="//perk[@name='perkAdrenalineRush']/effect_group/effect_description[@level='4']/@desc_base">
        Безумный Рывок
    </set>

    <set xpath="//perk[@name='perkDeadEyeRecoil']/@name_key">
        Снайпер - Управляемость
    </set>
    <set xpath="//perk[@name='perkDeadEyeRecoil']/@desc_key">
        Уменьшение отдачи и разброса для снайперских винтовок
    </set>
    <set xpath="//perk[@name='perkDeadEyeRecoil']/effect_group/effect_description[@level='1']/@desc_base">
        Неумеха
    </set>
    <set xpath="//perk[@name='perkDeadEyeRecoil']/effect_group/effect_description[@level='2']/@desc_base">
        Недолет
    </set>
    <set xpath="//perk[@name='perkDeadEyeRecoil']/effect_group/effect_description[@level='3']/@desc_base">
        Ястребиное зрение
    </set>

    <set xpath="//perk[@name='perkBoomstickRecoil']/@name_key">
        Бум-палка - Управляемость
    </set>
    <set xpath="//perk[@name='perkBoomstickRecoil']/@desc_key">
        Уменьшение отдачи и разброса для дробовиков
    </set>
    <set xpath="//perk[@name='perkBoomstickRecoil']/effect_group/effect_description[@level='1']/@desc_base">
        Подавление
    </set>
    <set xpath="//perk[@name='perkBoomstickRecoil']/effect_group/effect_description[@level='2']/@desc_base">
        С помпой
    </set>
    <set xpath="//perk[@name='perkBoomstickRecoil']/effect_group/effect_description[@level='3']/@desc_base">
        Крепкий ствол
    </set>

    <set xpath="//perk[@name='perkMachineGunnerRecoil']/@name_key">
        Пулеметчик - Управляемость
    </set>
    <set xpath="//perk[@name='perkMachineGunnerRecoil']/@desc_key">
        Уменьшение отдачи и разброса для штурмовых винтовок и пулеметов
    </set>
    <set xpath="//perk[@name='perkMachineGunnerRecoil']/effect_group/effect_description[@level='1']/@desc_base">
        Слабоумие и отвага
    </set>
    <set xpath="//perk[@name='perkMachineGunnerRecoil']/effect_group/effect_description[@level='2']/@desc_base">
        С оттяжкой
    </set>
    <set xpath="//perk[@name='perkMachineGunnerRecoil']/effect_group/effect_description[@level='3']/@desc_base">
        Коммандос
    </set>

    <set xpath="//perk[@name='perkGunslingerRecoil']/@name_key">
        Меткий стрелок - Управляемость
    </set>
    <set xpath="//perk[@name='perkGunslingerRecoil']/@desc_key">
        Уменьшение отдачи и разброса для пистолетов и ПП
    </set>
    <set xpath="//perk[@name='perkGunslingerRecoil']/effect_group/effect_description[@level='1']/@desc_base">
        И я начал стрелять...
    </set>
    <set xpath="//perk[@name='perkGunslingerRecoil']/effect_group/effect_description[@level='2']/@desc_base">
        На острие
    </set>
    <set xpath="//perk[@name='perkGunslingerRecoil']/effect_group/effect_description[@level='3']/@desc_base">
        Гордость и предубеждение
    </set>
</configs>