<configs>
    <set xpath="//item_display_info/display_entry[@title_key='Max Recoil (Vertical)']/@title_key">
        Максимальная отдача (вертикальная)
    </set>

    <set xpath="//item_display_info/display_entry[@title_key='Accuracy (Hip)']/@title_key">
        Точность (от бедра)
    </set>

    <set xpath="//item_display_info/display_entry[@title_key='Accuracy (Aimed)']/@title_key">
        Точность (в прицеле)
    </set>

    <set xpath="//item_display_info[starts-with(@display_type, 'armorLumberjack')]/display_entry[@title_key='Wood Damage Bonus (%)']/@title_key">
        Бонус к урону по дереву (%)
    </set>

    <set xpath="//item_display_info[starts-with(@display_type, 'armorPreacher')]/display_entry[@title_key='Shotgun Damage Bonus (%)']/@title_key">
        Бонус к урону от дробовиков (%)
    </set>

    <set xpath="//item_display_info[starts-with(@display_type, 'armorRogue')]/display_entry[@title_key='Enemy Searching Time']/@title_key">
        Время поиска (с)
    </set>

    <set xpath="//item_display_info[starts-with(@display_type, 'armorAthletic')]/display_entry[@title_key='Scavenging Time (seconds)']/@title_key">
        Время сбора (с)
    </set>

    <set xpath="//item_display_info[starts-with(@display_type, 'armorEnforcer')]/display_entry[@title_key='Handgun and SMG Damage Bonus (%)']/@title_key">
        Бонус к урону от пистолетов и ПП (%)
    </set>

    <set xpath="//item_display_info[starts-with(@display_type, 'armorFarmer')]/display_entry[@title_key='Block Damage Bonus (%)']/@title_key">
        Бонус к урону по блокам (%)
    </set>

    <set xpath="//item_display_info[starts-with(@display_type, 'armorBiker')]/display_entry[@title_key='Melee Damage Bonus (%)']/@title_key">
        Бонус к урону в ближнем бою (%)
    </set>

    <set xpath="//item_display_info[starts-with(@display_type, 'armorScavenger')]/display_entry[@title_key='Scavenging Time (seconds)']/@title_key">
        Время сбора (с)
    </set>

    <set xpath="//item_display_info[starts-with(@display_type, 'armorRanger')]/display_entry[@title_key='Sniper Rifle Damage Bonus (%)']/@title_key">
        Бонус к урону от снайперских винтовок (%)
    </set>

    <set xpath="//item_display_info[starts-with(@display_type, 'armorCommando')]/display_entry[@title_key='Machine Gun Damage Bonus (%)']/@title_key">
        Бонус к урону от пулеметов (%)
    </set>

    <set xpath="//item_display_info[starts-with(@display_type, 'armorAssassin')]/display_entry[@title_key='Enemy Searching Time']/@title_key">
        Время поиска (с)
    </set>

    <set xpath="//item_display_info[starts-with(@display_type, 'armorMiner')]/display_entry[@title_key='Earth, Stone and Metal Damage Bonus (%)']/@title_key">
        Бонус к урону по земле, камню и металлу (%)
    </set>

    <set xpath="//item_display_info[starts-with(@display_type, 'armorNomad')]/display_entry[@title_key='Scavenging Time (seconds)']/@title_key">
        Время сбора (с)
    </set>

    <set xpath="//item_display_info[starts-with(@display_type, 'armorNerd')]/display_entry[@title_key='Turret Damage Bonus (%)']/@title_key">
        Бонус к урону турелями (%)
    </set>

    <set xpath="//item_display_info[starts-with(@display_type, 'armorRaider')]/display_entry[@title_key='Melee Damage Bonus (%']/@title_key">
        Бонус к урону в ближнем бою (%)
    </set>

    <set xpath="//display_entry[@name='dEftArmorDamage']/@title_key">
        Урон по броне
    </set>
    <set xpath="//display_entry[@name='dEftPenetration']/@title_key">
        Бронепробиваемость
    </set>
    <set xpath="//display_entry[@name='MaxRange']/@title_key">
        Максимальная дальность
    </set>
    
    <set xpath="//display_entry[@title_key='Max Recoil (Vertical)']/@title_key">
        Максимальная отдача (вертикальная)
    </set>
    <set xpath="//display_entry[@title_key='Accuracy (Hip)']/@title_key">
        Точность (от бедра)
    </set>
    <set xpath="//display_entry[@title_key='Accuracy (Aimed)']/@title_key">
        Точность (в прицеле)
    </set>
    <set xpath="//display_entry[@name='dEftArmorDamage']/@title_key">
        Урон по броне
    </set>
    <set xpath="//display_entry[@name='dEftPenetration']/@title_key">
        Бронепробиваемость
    </set>
    <set xpath="//display_entry[@name='MaxRange']/@title_key">
        Максимальная дальность
    </set>
    
    <set xpath="//display_entry[@title_key='Wood Damage Bonus (%)']/@title_key">
        Бонус к урону по дереву (%)
    </set>
    <set xpath="//display_entry[@title_key='Shotgun Damage Bonus (%)']/@title_key">
        Бонус к урону от дробовиков (%)
    </set>
    <set xpath="//display_entry[@title_key='Enemy Searching Time']/@title_key">
        Время поиска (с)
    </set>
    <set xpath="//display_entry[@title_key='Scavenging Time (seconds)']/@title_key">
        Время сбора (с)
    </set>
    <set xpath="//display_entry[@title_key='Handgun and SMG Damage Bonus (%)']/@title_key">
        Бонус к урону от пистолетов и ПП (%)
    </set>
    <set xpath="//display_entry[@title_key='Block Damage Bonus (%)']/@title_key">
        Бонус к урону по блокам (%)
    </set>
    <set xpath="//display_entry[@title_key='Melee Damage Bonus (%)']/@title_key">
        Бонус к урону в ближнем бою (%)
    </set>
    <set xpath="//display_entry[@title_key='Sniper Rifle Damage Bonus (%)']/@title_key">
        Бонус к урону от снайперских винтовок (%)
    </set>
    <set xpath="//display_entry[@title_key='Machine Gun Damage Bonus (%)']/@title_key">
        Бонус к урону от пулеметов (%)
    </set>
    <set xpath="//display_entry[@title_key='Earth, Stone and Metal Damage Bonus (%)']/@title_key">
        Бонус к урону по земле, камню и металлу (%)
    </set>
    <set xpath="//display_entry[@title_key='Turret Damage Bonus (%)']/@title_key">
        Бонус к урону турелями (%)
    </set>
    <set xpath="//display_entry[@title_key='Melee Damage Bonus (%']/@title_key">
        Бонус к урону в ближнем бою (%)
    </set>
    
    <set xpath="//display_entry[@title_key='Duration']/@title_key">
        Длительность
    </set>
    <set xpath="//display_entry[@title_key='Melee Damage']/@title_key">
        Урон ближнего боя
    </set>
    <set xpath="//display_entry[@title_key='Attack Speed']/@title_key">
        Скорость атаки
    </set>
    <set xpath="//display_entry[@title_key='Stamina Regeneration']/@title_key">
        Восстановление выносливости
    </set>
    <set xpath="//display_entry[@title_key='Damage Resistance']/@title_key">
        Сопротивление урону
    </set>
    <set xpath="//display_entry[@title_key='Ranged Damage']/@title_key">
        Урон от дальнего боя
    </set>
    <set xpath="//display_entry[@title_key='Buff Restistance']/@title_key">
        Сопротивление эффектам
    </set>
    <set xpath="//display_entry[@title_key='Run Speed']/@title_key">
        Скорость бега
    </set>
    <set xpath="//display_entry[@title_key='Attacks Per Minute']/@title_key">
        Атак в минуту
    </set>
    <set xpath="//display_entry[@title_key='Stamina Efficiency']/@title_key">
        Эффективность выносливости
    </set>
    <set xpath="//display_entry[@title_key='Reload Speed']/@title_key">
        Скорость перезарядки
    </set>
    <set xpath="//display_entry[@title_key='Allows Movement With Broken Limbs']/@title_key">
        Позволяет двигаться со сломанными конечностями
    </set>
    <set xpath="//display_entry[@title_key='Instant Health']/@title_key">
        Мгновенное здоровье
    </set>
    <set xpath="//display_entry[@title_key='Removes Health Block']/@title_key">
        Снимает блокировку здоровья
    </set>
    <set xpath="//display_entry[@title_key='Max Health']/@title_key">
        Максимальное здоровье
    </set>
    <set xpath="//display_entry[@title_key='Health Regeneration (hp/s)']/@title_key">
        Регенерация здоровья (ед/с)
    </set>
    <set xpath="//display_entry[@title_key='Bleeding Resistance']/@title_key">
        Сопротивление кровотечению
    </set>
    <set xpath="//display_entry[@title_key='Stamina Usage']/@title_key">
        Расход выносливости
    </set>
    <set xpath="//display_entry[@title_key='Max Stamina']/@title_key">
        Максимальная выносливость
    </set>
    <set xpath="//display_entry[@title_key='Carry Capacity']/@title_key">
        Грузоподъемность
    </set>
    <set xpath="//display_entry[@title_key='Recoil Reduction']/@title_key">
        Снижение отдачи
    </set>
</configs>