<configs>
	<!-- ### Default Workstations/Electrics/Doors (UnlockedBy Changes) -->
	<remove xpath="/blocks/block[(@name='generatorbank') or (@name='electricwirerelay') or (@name='switch') or (@name='tripwirepost') or 
	(@name='ceilingLight01_player') or (@name='industrialLight01_player') or (@name='industrialLight02_player') or (@name='ceilingLight07_player') or 
	(@name='motionsensor') or (@name='electrictimerrelay') or (@name='pressureplate') or (@name='pressureplateLong') or 
	(@name='spotlightPlayer') or (@name='speaker') or (@name='batterybank') or (@name='electricfencepost') or (@name='dartTrap') or (@name='bladeTrap') or 
	(@name='shotgunTurret') or (@name='autoTurret') or (@name='mineCookingPot') or (@name='mineHubcap') or (@name='mineAirFilter') or (@name='vaultDoor01_Powered') or 
	(@name='vaultDoor01Double_Powered') or (@name='vaultHatch01_Powered') or (@name='metalReinforcedWoodDrawBridgePowered') or 
	(@name='ironGarageDoor_PoweredWhite') or (@name='woodenGarageDoor3x3_PoweredWhite') or 
	(@name='woodenGarageDoor4x3_PoweredWhite') or (@name='woodenGarageDoor5x3_PoweredWhite') or 
	(@name='steelGarageDoor3x3_PoweredWhite') or (@name='steelGarageDoor4x3_PoweredWhite') or 
	(@name='steelGarageDoor5x3_PoweredWhite') or (starts-with(@name,'planted')) or 
	(@name='forge') or (@name='workbench') or (@name='cementMixer') or (@name='chemistryStation') or (@name='cntDewCollector')]/property[@name='UnlockedBy']"></remove>
	
	
	<!-- ### General Trap Changes -->
	<!-- *** Fence RepairItem -->
	<set xpath="//block[@name='corrugatedMetalNoUpgradeMaster']/property[@class='RepairItems']/property[@name='resourceForgedIron']/@value">16</set>
	<set xpath="//block[@name='corrugatedMetalNoUpgradeMaster']/property[@class='RepairItems']/property[@name='resourceForgedIron']/@name">resourceScrapIron</set>
	
	<!-- *** Higher MaxFuel Generator -->
	<set xpath="/blocks/block[@name='generatorbank']/property[@name='MaxFuel']/@value">10000</set>
	
	<!-- *** Spike/BarbedWire/BladeTrap Changes -->
	<set xpath="/blocks/block[@name='bladeTrap']/property[@name='Damage']/@value">39</set>
	<set xpath="/blocks/block[@name='bladeTrap']/property[@name='DamageReceived']/@value">1</set>
	<!--append xpath="/blocks/block[@name='bladeTrap']">
		<property name="BuffsWhenWalkedOn" value="buffBlockTrapBladeSpikesDamageForArmored"/>
	</append-->
	
	<set xpath="/blocks/block[@name='trapSpikesWoodMaster']/property[@name='MaxDamage']/@value">150</set>
	<set xpath="/blocks/block[@name='trapSpikesWoodMaster']/property[@name='Damage']/@value">30</set>
	<set xpath="/blocks/block[@name='trapSpikesWoodMaster']/property[@name='Damage_received']/@value">30</set>
	<append xpath="/blocks/block[@name='trapSpikesWoodMaster']">
		<property name="BuffsWhenWalkedOn" value="buffBlockTrapWoodSpikesDamageForArmored"/>
	</append>
	
	<set xpath="/blocks/block[@name='trapSpikesScrapIronMaster']/property[@name='MaxDamage']/@value">450</set>
	<set xpath="/blocks/block[@name='trapSpikesScrapIronMaster']/property[@name='Damage']/@value">45</set>
	<set xpath="/blocks/block[@name='trapSpikesScrapIronMaster']/property[@name='Damage_received']/@value">40</set>
	<append xpath="/blocks/block[@name='trapSpikesScrapIronMaster']">
		<property name="BuffsWhenWalkedOn" value="buffBlockTrapIronSpikesDamageForArmored"/>
	</append>
	
	<set xpath="/blocks/block[@name='barbedWireSheet']/property[@name='Damage_received']/@value">5</set>
	<set xpath="/blocks/block[@name='barbedFence']/property[@name='Damage_received']/@value">5</set>
	
	<!-- *** Turrets -->
	<set xpath="/blocks/block[@name='autoTurret']/property[@name='AmmoItem']/@value">ammoEft919mm</set>
	<set xpath="/blocks/block[@name='autoTurret']/property[@name='EntityDamage']/@value">39</set>
	<set xpath="/blocks/block[@name='autoTurret']/property[@name='BurstRoundCount']/@value">30</set>
	<set xpath="/blocks/block[@name='autoTurret']/property[@name='BurstFireRate']/@value">0.1</set>
	<insertAfter xpath="/blocks/block[@name='autoTurret']/property[@name='OvershootTime']">
		<property name="Buff" value="buffBlockTurretArmorCrack"/>
	</insertAfter>
	<set xpath="/blocks/block[@name='shotgunTurret']/property[@name='AmmoItem']/@value">ammoEft7mmShotgun</set>
	<set xpath="/blocks/block[@name='shotgunTurret']/property[@name='EntityDamage']/@value">39</set>
	<set xpath="/blocks/block[@name='shotgunTurret']/property[@name='BurstRoundCount']/@value">10</set>
	<insertAfter xpath="/blocks/block[@name='shotgunTurret']/property[@name='OvershootTime']">
		<property name="Buff" value="buffBlockTurretArmorCrack"/>
	</insertAfter>
	
	<!-- *** Barrel/GasTank Changes -->
	<set xpath="/blocks/block[@name='cntBarrelMetalMaster']/property[@class='Explosion']/property[@name='RadiusBlocks']/@value">3</set>
	<set xpath="/blocks/block[@name='cntBarrelMetalMaster']/property[@class='Explosion']/property[@name='BlockDamage']/@value">500</set>
	<set xpath="/blocks/block[@name='cntBarrelMetalMaster']/property[@class='Explosion']/property[@name='RadiusEntities']/@value">6</set>
	<set xpath="/blocks/block[@name='cntBarrelMetalMaster']/property[@class='Explosion']/property[@name='EntityDamage']/@value">250</set>
	
	<set xpath="/blocks/block[@name='tankPropaneWhite']/property[@class='Explosion']/property[@name='ParticleIndex']/@value">5</set> <!-- Temporary Fix The Vanilla "30" seems to have no particles --> <!-- Nachtrag: After 1.1 Fixed The Missing Particles I Still Decided PI5 Looks Better -->
	<set xpath="/blocks/block[@name='tankPropaneWhite']/property[@class='Explosion']/property[@name='RadiusBlocks']/@value">8</set>
	<set xpath="/blocks/block[@name='tankPropaneWhite']/property[@class='Explosion']/property[@name='BlockDamage']/@value">5000</set>
	<set xpath="/blocks/block[@name='tankPropaneWhite']/property[@class='Explosion']/property[@name='RadiusEntities']/@value">12</set>
	<set xpath="/blocks/block[@name='tankPropaneWhite']/property[@class='Explosion']/property[@name='EntityDamage']/@value">1600</set>
	<set xpath="/blocks/block[@name='tankPropaneWhite']/property[@name='MaxDamage']/@value">300</set>
	
	<!-- *** Make New Craftable Blocks Visible (Barbed Wires Are Already Visible) -->
	<append xpath="/blocks/block[(@name='cntBarrelGasOld') or (@name='tankPropaneWhite')]">
		<property name="Group" value="Building"/>
	</append>
	
	
	<!-- ### General Harvest-Changes (also in entityclasses.xml) -->
	<!-- *** Gore Harvest -->
	<set xpath="/blocks/block[@name='goreBlockAnimal']/drop[@name='resourceBone' and @tag='butcherHarvest']/@count">2,3</set>
	<set xpath="/blocks/block[@name='goreBlockAnimal']/drop[@name='resourceAnimalFat' and @tag='butcherHarvest']/@count">0</set>
	<set xpath="/blocks/block[@name='goreBlockHumanCorpse']/drop[@name='resourceBone' and @tag='butcherHarvest']/@count">2,3</set>
	<set xpath="/blocks/block[@name='bodyBagBlack']/drop[@name='resourceBone' and @tag='butcherHarvest']/@count">2,3</set>
	<set xpath="/blocks/block[@name='bodyBagBlack']/drop[@name='resourceAnimalFat' and @tag='butcherHarvest']/@count">0</set>
	<set xpath="/blocks/block[@name='goreBlockHumanBones']/drop[@name='resourceBone' and @tag='butcherHarvest']/@count">2,3</set>
	
	<!-- *** Vehicle Harvest -->
	<set xpath="/blocks/block[@name='cntPickupTruck01White']/drop[@name='ammoGasCan' and @tag='salvageHarvest']/@count">150,300</set>
	<set xpath="/blocks/block[@name='cntPickupTruck01White']/drop[@name='resourceMechanicalParts' and @tag='salvageHarvest']/@count">3,6</set>
	<set xpath="/blocks/block[@name='cntPickupTruck01White']/drop[@name='resourceElectricParts' and @tag='salvageHarvest']/@count">1,3</set>
	<set xpath="/blocks/block[@name='cntPickupTruck01White']/drop[@name='resourceScrapIron' and @tag='allHarvest']/@count">75,150</set>
	
	<set xpath="/blocks/block[@name='cntSemiTruck01White']/drop[@name='ammoGasCan' and @tag='salvageHarvest']/@count">200,400</set>
	<set xpath="/blocks/block[@name='cntSemiTruck01White']/drop[@name='resourceOil' and @tag='salvageHarvest']/@count">0,3</set>
	<set xpath="/blocks/block[@name='cntSemiTruck01White']/drop[@name='resourceMechanicalParts' and @tag='salvageHarvest']/@count">6,12</set>
	<set xpath="/blocks/block[@name='cntSemiTruck01White']/drop[@name='resourceElectricParts' and @tag='salvageHarvest']/@count">4,8</set>
	<set xpath="/blocks/block[@name='cntSemiTruck01White']/drop[@name='resourceScrapIron' and @tag='allHarvest']/@count">350,900</set>
	<set xpath="/blocks/block[@name='cntSemiTruck01White']/drop[@name='resourceScrapPolymers' and @tag='allHarvest']/@count">16,64</set>
	<set xpath="/blocks/block[@name='cntSemiTruck01White']/drop[@name='resourceCloth' and @tag='allHarvest']/@count">50,100</set>
	
	<set xpath="/blocks/block[@name='cntFireTruck01White']/drop[@name='ammoGasCan' and @tag='salvageHarvest']/@count">250,500</set>
	<set xpath="/blocks/block[@name='cntFireTruck01White']/drop[@name='resourceOil' and @tag='salvageHarvest']/@count">0,3</set>
	<set xpath="/blocks/block[@name='cntFireTruck01White']/drop[@name='resourceMechanicalParts' and @tag='salvageHarvest']/@count">6,12</set>
	<set xpath="/blocks/block[@name='cntFireTruck01White']/drop[@name='resourceElectricParts' and @tag='salvageHarvest']/@count">4,8</set>
	<set xpath="/blocks/block[@name='cntFireTruck01White']/drop[@name='resourceScrapIron' and @tag='allHarvest']/@count">350,900</set>
	<set xpath="/blocks/block[@name='cntFireTruck01White']/drop[@name='resourceScrapPolymers' and @tag='allHarvest']/@count">16,64</set>
	<set xpath="/blocks/block[@name='cntFireTruck01White']/drop[@name='resourceCloth' and @tag='allHarvest']/@count">50,100</set>
	
	<set xpath="/blocks/block[@name='cntBusSchool']/drop[@name='ammoGasCan' and @tag='salvageHarvest']/@count">200,400</set>
	<set xpath="/blocks/block[@name='cntBusSchool']/drop[@name='resourceOil' and @tag='salvageHarvest']/@count">0,3</set>
	<set xpath="/blocks/block[@name='cntBusSchool']/drop[@name='resourceMechanicalParts' and @tag='salvageHarvest']/@count">6,12</set>
	<set xpath="/blocks/block[@name='cntBusSchool']/drop[@name='resourceElectricParts' and @tag='salvageHarvest']/@count">4,8</set>
	<set xpath="/blocks/block[@name='cntBusSchool']/drop[@name='resourceScrapIron' and @tag='allHarvest']/@count">350,900</set>
	<set xpath="/blocks/block[@name='cntBusSchool']/drop[@name='resourceScrapPolymers' and @tag='allHarvest']/@count">16,64</set>
	<set xpath="/blocks/block[@name='cntBusSchool']/drop[@name='resourceCloth' and @tag='allHarvest']/@count">50,100</set>
	
	<set xpath="/blocks/block[@name='cntArmyTruckOpen']/drop[@name='ammoGasCan' and @tag='salvageHarvest']/@count">250,500</set>
	<set xpath="/blocks/block[@name='cntArmyTruckOpen']/drop[@name='resourceMechanicalParts' and @tag='salvageHarvest']/@count">4,8</set>
	<set xpath="/blocks/block[@name='cntArmyTruckOpen']/drop[@name='resourceElectricParts' and @tag='salvageHarvest']/@count">2,4</set>
	<set xpath="/blocks/block[@name='cntArmyTruckOpen']/drop[@name='resourceScrapIron' and @tag='allHarvest']/@count">85,175</set>
	<insertAfter xpath="/blocks/block[@name='cntArmyTruckOpen']/drop[@name='resourceScrapIron' and @tag='allHarvest']">
		<!--drop event="Harvest" name="gunHandgunT1Pistol" count="1" prob=".1" tag="allHarvest"/-->
		<drop event="Harvest" name="meleeWpnBladeT1HuntingKnife" count="1" prob=".1" tag="allHarvest"/>
	</insertAfter>
	
	<set xpath="/blocks/block[@name='cntFarmTruckClosed']/drop[@name='ammoGasCan' and @tag='salvageHarvest']/@count">150,300</set>
	<set xpath="/blocks/block[@name='cntFarmTruckClosed']/drop[@name='resourceMechanicalParts' and @tag='salvageHarvest']/@count">4,8</set>
	<set xpath="/blocks/block[@name='cntFarmTruckClosed']/drop[@name='resourceElectricParts' and @tag='salvageHarvest']/@count">2,4</set>
	<set xpath="/blocks/block[@name='cntFarmTruckClosed']/drop[@name='resourceScrapIron' and @tag='allHarvest']/@count">85,175</set>
	
	
	<!-- ### Heatmap Changes -->
	<set xpath="/blocks/block[@name='wallTorchLightPlayer']/property[@name='HeatMapTime']/@value">100</set>
	<set xpath="/blocks/block[@name='candleWallLightPlayer']/property[@name='HeatMapTime']/@value">100</set>
	<set xpath="/blocks/block[@name='burningBarrelPlayer']/property[@name='HeatMapTime']/@value">100</set>
	<set xpath="/blocks/block[@name='campfire']/property[@name='HeatMapTime']/@value">1000</set>
	<set xpath="/blocks/block[@name='cntDewCollector']/property[@name='HeatMapTime']/@value">10</set>
	<set xpath="/blocks/block[@name='forge']/property[@name='HeatMapTime']/@value">1000</set>
	<set xpath="/blocks/block[@name='workbench']/property[@name='HeatMapTime']/@value">10</set>
	<set xpath="/blocks/block[@name='cementMixer']/property[@name='HeatMapTime']/@value">10</set>
	<set xpath="/blocks/block[@name='chemistryStation']/property[@name='HeatMapTime']/@value">1000</set>
	
	
	<!-- ### LootContainer Change -->
	<set xpath="//block[@name='cntGunRackSmallMagazines']/property[@name='LootList']/@value">ammoEquipmentRack</set>
	
	
	<!-- ### Shelves -->
	<!-- *** Drink/Food -->
	<set xpath="//block[@name='cntStoreShelfSingleBottomFood01']/property[@name='LootList']/@value">cntEftShelfBeverage</set>
	<append xpath="//block[@name='cntStoreShelfSingleBottomFood02']">
		<property name="LootList" value="cntEftShelfFood"/>
	</append>
	<append xpath="//block[@name='cntStoreShelfDoubleBottomFood01']">
		<property name="LootList" value="cntEftShelfFood"/>
	</append>
	<append xpath="//block[@name='cntStoreShelfDoubleBottomFood02']">
		<property name="LootList" value="cntEftShelfFood"/>
	</append>
	<append xpath="//block[@name='cntStoreShelfDoubleTopFood01']">
		<property name="LootList" value="cntEftShelfFood"/>
	</append>
	<append xpath="//block[@name='cntStoreShelfSingleTopFood01']">
		<property name="LootList" value="cntEftShelfBeverage"/>
	</append>
	<set xpath="//block[@name='cntStoreShelfSingleBottomFoodRandomLootHelper']/property[@name='LootList']/@value">cntEftShelfFood</set>
	<set xpath="//block[@name='cntStoreShelfSingleTopFoodRandomLootHelper']/property[@name='LootList']/@value">cntEftShelfFood</set>
	<set xpath="//block[@name='cntStoreShelfDoubleTopFoodRandomLootHelper']/property[@name='LootList']/@value">cntEftShelfFood</set>
	
	<!-- *** Hardware -->
	<set xpath="//block[@name='cntStoreShelfSingleBottomHardware01']/property[@name='LootList']/@value">cntEftShelfChemical</set>
	<append xpath="//block[@name='cntStoreShelfSingleBottomHardware02']">
		<property name="LootList" value="cntEftShelfHardware"/>
	</append>
	<set xpath="//block[@name='cntStoreShelfSingleBottomHardwareRandomLootHelper']/property[@name='LootList']/@value">cntEftShelfHardware</set>
	<append xpath="//block[@name='cntStoreShelfSingleTopHardware01']">
		<property name="LootList" value="cntEftShelfHardware"/>
	</append>
	<append xpath="//block[@name='cntStoreShelfSingleTopHardware02']">
		<property name="LootList" value="cntEftShelfChemical"/>
	</append>
	<set xpath="//block[@name='cntStoreShelfSingleTopHardwareRandomLootHelper']/property[@name='LootList']/@value">cntEftShelfHardware</set>
	<append xpath="//block[@name='cntStoreShelfDoubleBottomHardware01']">
		<property name="LootList" value="cntEftShelfHardware"/>
	</append>
	<append xpath="//block[@name='cntStoreShelfDoubleBottomHardware02']">
		<property name="LootList" value="cntEftShelfHardware"/>
	</append>
	<append xpath="//block[@name='cntStoreShelfDoubleBottomHardware03Rags']"> <!-- *** Trash -->
		<property name="LootList" value="cntEftShelfTrash"/>
	</append>
	<set xpath="//block[@name='cntStoreShelfDoubleBottomHardwareRandomLootHelper']/property[@name='LootList']/@value">cntEftShelfHardware</set>
	<append xpath="//block[@name='cntStoreShelfDoubleTopHardware01']">
		<property name="LootList" value="cntEftShelfChemical"/>
	</append>
	<append xpath="//block[@name='cntStoreShelfDoubleTopHardware02Rags']"> <!-- *** Trash -->
		<property name="LootList" value="cntEftShelfTrash"/>
	</append>
	<set xpath="//block[@name='cntStoreShelfDoubleTopHardwareRandomLootHelper']/property[@name='LootList']/@value">cntEftShelfHardware</set>
	
	<!-- *** Pharma -->
	<set xpath="//block[@name='cntStoreShelfSingleBottomPharmaGoods01']/property[@name='LootList']/@value">cntEftShelfPharma</set>
	<set xpath="//block[@name='cntStoreShelfSingleBottomPharmaRandomLootHelper']/property[@name='LootList']/@value">cntEftShelfPharma</set>
	<set xpath="//block[@name='cntStoreShelfDoubleBottomPharmaRandomLootHelper']/property[@name='LootList']/@value">cntEftShelfPharma</set>
	
	<!-- *** Trash -->
	<set xpath="//block[@name='cntStoreShelfSingleBottomTrash01']/property[@name='LootList']/@value">cntEftShelfTrash</set>
	
	<!-- *** Electronics -->
	<set xpath="//block[@name='cntStoreShelfElectronicsSingleBottomPC']/property[@name='LootList']/@value">cntEftShelfElectronics</set>
	<set xpath="//block[@name='cntStoreShelfElectronicsSingleTallRandomLootHelper']/property[@name='LootList']/@value">cntEftShelfElectronics</set>
	<set xpath="//block[@name='cntStoreShelfElectronicsDoubleTallRandomLootHelper']/property[@name='LootList']/@value">cntEftShelfElectronics</set>
	
	<!-- *** Janitors Cart (not shelf) -->
	<append xpath="//block[@name='cntJanitorCartFull']">
		<property name="LootList" value="cntEftShelfChemical"/>
	</append>
	
	
	<!-- ### New Loot Containers -->
	<!-- *** Barrels -->
	<append xpath="//block[@name='cntBarrelOilSingle00']">
		<property name="LootList" value="groupEftChemical1"/>
	</append>
	<append xpath="//block[@name='cntBarrelOilSingle45']">
		<property name="LootList" value="groupEftChemical1"/>
	</append>
	<append xpath="//block[@name='cntBarrelOilQuadA']">
		<property name="LootList" value="groupEftChemical1"/>
	</append>
	<append xpath="//block[@name='cntBarrelOilQuadB']">
		<property name="LootList" value="groupEftChemical1"/>
	</append>
	<append xpath="//block[@name='cntBarrelRadiatedSingle00']">
		<property name="LootList" value="groupEftChemical2"/>
	</append>
	<append xpath="//block[@name='cntBarrelRadiatedSingle45']">
		<property name="LootList" value="groupEftChemical2"/>
	</append>
	<append xpath="//block[@name='cntBarrelRadiatedQuadA']">
		<property name="LootList" value="groupEftChemical2"/>
	</append>
	<append xpath="//block[@name='cntBarrelRadiatedQuadB']">
		<property name="LootList" value="groupEftChemical2"/>
	</append>
	
	<!-- *** Brown Boxes -->
	<append xpath="/blocks/block[@name='palletBrownBoxesBase']">
		<property name="Tags" value="lessExpLoot"/>
		<property name="Class" value="Loot"/>
		<property name="LootList" value="cntEftBrownPallet"/>
	</append>
	
	<!-- ***Military Ammo Box Pallet -->
	<append xpath="/blocks/block[@name='palletCartonMilitaryCap']">
		<property name="Class" value="Loot"/>
		<property name="LootList" value="cntEftMilitaryAmmoBoxes"/>
	</append>
	<append xpath="/blocks/block[@name='palletCartonMilitaryTile']">
		<property name="Class" value="Loot"/>
		<property name="LootList" value="cntEftMilitaryAmmoBoxes"/>
	</append>
	<append xpath="/blocks/block[@name='palletCartonMilitaryTileCovered']">
		<property name="Class" value="Loot"/>
		<property name="LootList" value="cntEftMilitaryAmmoBoxes"/>
	</append>
	
	<!-- *** Blue Water Barrel -->
	<append xpath="/blocks/block[@name='cntBarrelPlasticSingle00']">
		<property name="Class" value="Loot"/>
		<property name="LootList" value="cntBlueWaterBarrel"/>
	</append>
	
	<!-- *** Replace Dukes To Roubles From parkingMeter Harvesting -->
	<set xpath="//block[@name='parkingMeter']/drop[@event='Destroy' and @name='casinoCoin']/@count">50,250</set>
	<set xpath="//block[@name='parkingMeter']/drop[@event='Destroy' and @name='casinoCoin']/@name">resourceRouble</set>
	
	<!--set xpath="//block[@name='cntShelvesWoodFullA']/property[@name='LootList']/@value">groupEftShelf</set>
	<set xpath="//block[@name='cntShelvesFreeStandingFullA']/property[@name='LootList']/@value">groupEftShelf</set>
	<set xpath="//block[@name='cntShelvesMetalFullA']/property[@name='LootList']/@value">groupEftShelf</set>
	<set xpath="//block[@name='cntMilitaryMetalShelvesFull']/property[@name='LootList']/@value">groupEftShelf</set-->
	
	<!--set xpath="//block[@name='cntStoreProduceBasketCornerRandomLootHelper']/property[@name='LootList']/@value">groupEftShelf</set>
	<set xpath="//block[@name='cntStoreProduceBasketCornerEmpty2']/property[@name='LootList']/@value">groupEftShelf</set>
	<set xpath="//block[@name='cntStoreProduceBasketCornerEmpty1_Player']/property[@name='LootList']/@value">groupEftShelf</set-->
	
	
	<!-- ### Safes, Main-Loot-Chests Lower HP -->
	<set xpath="//block[@name='cntWallSafe']/property[@name='Material']/@value">Mmetal_medium</set>
	<!--set xpath="//block[@name='cntGunSafe']/property[@name='MaxDamage']/@value">3000</set>
	<set xpath="//block[@name='cntLootChestHero']/property[@name='MaxDamage']/@value">2000</set-->
	<set xpath="//block[@name='cntLootChestHeroInsecureT1']/property[@name='MaxDamage']/@value">500</set>
	<set xpath="//block[@name='cntLootChestHeroInsecureT2']/property[@name='MaxDamage']/@value">500</set>
	<!--set xpath="//block[@name='cntHardenedChestSecure']/property[@name='MaxDamage']/@value">3000</set>
	<set xpath="//block[@name='cntHardenedChestSecureT5']/property[@name='MaxDamage']/@value">6000</set-->
	
	
	<!-- ### Frames Break When Stepped On (Causes them to not be pick-up-able) -->
	<!--append xpath="//block[@name='frameShapes']">
		<property name="Class" value="TrapDoor"/>
		<property name="TriggerDelay" value="0.25"/>
		<property name="TriggerSound" value="trapWoodTrigger"/>
	</append-->
	
	
	<!-- ### Economy -->
	<set xpath="//block[@name='cntDewCollector']/property[@name='EconomicValue']/@value">150</set>
	<set xpath="//block[@name='forge']/property[@name='EconomicValue']/@value">250</set>
	<set xpath="//block[@name='workbench']/property[@name='EconomicValue']/@value">2500</set>
	<set xpath="//block[@name='cementMixer']/property[@name='EconomicValue']/@value">500</set>
	<set xpath="//block[@name='chemistryStation']/property[@name='EconomicValue']/@value">2500</set>

<PlantToSeedling>

	<!--<set xpath="/blocks/block[@name='cropsGrowingMaster']/property[@name='PlantGrowing.GrowthRate']/@value">120</set>-->
	<!--When harvested, the plant is not destroyed, but only reset to a seedling.-->
	<append xpath="/blocks/block[@name='plantedCorn3HarvestPlayer']">
		<property name="DowngradeBlock" value="plantedCorn1" prob="0.5"/>
	</append>

	<append xpath="/blocks/block[@name='plantedGraceCorn3HarvestPlayer']">
		<property name="DowngradeBlock" value="plantedGraceCorn1"/>
	</append>

	<append xpath="/blocks/block[@name='plantedHop3HarvestPlayer']">
		<property name="DowngradeBlock" value="plantedHop1"/>
	</append>

	<append xpath="/blocks/block[@name='plantedSnowberry3HarvestPlayer']">
		<property name="DowngradeBlock" value="plantedSnowberry1"/>
	</append>

	<append xpath="/blocks/block[@name='plantedPumpkin3HarvestPlayer']">
		<property name="DowngradeBlock" value="plantedPumpkin1" prob="0.5"/>
	</append>

	<append xpath="/blocks/block[@name='plantedMushroom3HarvestPlayer']">
		<property name="DowngradeBlock" value="plantedMushroom1" prob="0.5"/>
	</append>

	<append xpath="/blocks/block[@name='plantedYucca3HarvestPlayer']">
		<property name="DowngradeBlock" value="plantedYucca1" prob="0.5"/>
	</append>

	<append xpath="/blocks/block[@name='plantedCotton3HarvestPlayer']">
		<property name="DowngradeBlock" value="plantedCotton1" prob="0.5"/>
	</append>

	<append xpath="/blocks/block[@name='plantedCoffee3HarvestPlayer']">
		<property name="DowngradeBlock" value="plantedCoffee1" prob="0.5"/>
	</append>

	<append xpath="/blocks/block[@name='plantedGoldenrod3HarvestPlayer']">
		<property name="DowngradeBlock" value="plantedGoldenrod1" prob="0.5"/>
	</append>

	<append xpath="/blocks/block[@name='plantedAloe3HarvestPlayer']">
		<property name="DowngradeBlock" value="plantedAloe1" prob="0.5"/>
	</append>

	<append xpath="/blocks/block[@name='plantedBlueberry3HarvestPlayer']">
		<property name="DowngradeBlock" value="plantedBlueberry1" prob="0.5"/>
	</append>

	<append xpath="/blocks/block[@name='plantedPotato3HarvestPlayer']">
		<property name="DowngradeBlock" value="plantedPotato1" prob="0.5"/>
	</append>

	<append xpath="/blocks/block[@name='plantedChrysanthemum3HarvestPlayer']">
		<property name="DowngradeBlock" value="plantedChrysanthemum1" prob="0.5"/>
	</append>

</PlantToSeedling>
</configs>