<configs>
	<!-- ### Constant XP Gain 
	(Still rises exponentailly, as you encounter more dangerous zombies giving more exp over time)
	50000xp for level-up at lvl 1, 100000xp for level-up at lvl 60+ 
	
	Lootstage = PlayerLevel * 1.75 (the multiplier is contained in biomes.xml)
	
	T1 = Lootstage 0	-	90
	T2 = Lootstage 46	-	180
	T3 = Lootstage 121	-	999999
	T4 = Lootstage 181	-	999999
	T5 = Lootstage 241	-	999999
	
	| Total XP until T2 items start appearing (level ~26/LS46)	 					=	1.525.110 (1.474.515? Calculation might be slightly off)
	| Total XP until T3 items start appearing (level ~69/LS121)	 					=	5.306.982
	| Total XP until T4 items start appearing (level ~104/LS181)	 				=	10.120.548
	| Total XP until T5 items start appearing (level ~123/LS241)	 				=	13.672.998
	
	| Total XP until lvl 60: 50000 * 1.011619 * ((1.01169^60-1) / (1.011619-1)) 	= 	4.389.808
	| Total XP until lvl 300: 4.389.808 + ((50000 * 1.011619^60) * 240)				=	28.389.181
	
	General:
	- Ferals generally start to appear at GS50
	- Radiated generally start to appear at GS100
	-->
	<set xpath="/progression/level/@exp_to_level">50000</set>
	<set xpath="/progression/level/@experience_multiplier">1.011619</set>
	<set xpath="/progression/level/@skill_points_per_level">0</set> 
	
	
	<!-- ### Removed All Attributes, Perks, Perk Books and Craftin Skill Magazines -->
	<remove xpath="//attributes"></remove>
	<remove xpath="//skills"></remove>
	<remove xpath="//crafting_skills"></remove>
	<remove xpath="//perks"></remove>
	
	<!--increases player max lvl to 1000, vanilla is 300-->
	<set xpath="/progression/level/@max_level">1000</set>
</configs>