<configs>
	<!-- ### Hover-Icon-Dark-Background -->
    <set xpath="//window[@name='toolTip']/rect/sprite[@name='sprBackgroundBorder']/@color">[black]</set>
    <set xpath="//window[@name='toolTip']/rect/sprite[@name='sprBackground']/@color">[black]</set>
	
	<!-- ### Currency Symbol -->
    <set xpath="//window[@name='itemInfoPanel']/panel/label[@pos='575,-8']/@pos">565,-9</set>
    <set xpath="//window[@name='itemInfoPanel']/panel/sprite[@name='costIcon']/@size">32,32</set>
    <set xpath="//window[@name='itemInfoPanel']/panel/sprite[@name='costIcon']/@pos">570,-5</set>
	
    <set xpath="//window[@name='windowBackpack']/panel/sprite[@name='costIcon']/@size">30,30</set>
    <set xpath="//window[@name='windowBackpack']/panel/sprite[@name='costIcon']/@size">30,30</set>
    <set xpath="//window[@name='windowBackpack']/panel/sprite[@name='costIcon']/@pos">574,-6</set>

	<!-- ### Up To 11 Mod-Slots -->
    <set xpath="//window[@name='itemInfoPanel']/rect/grid[@name='parts']/@cols">11</set>
    <set xpath="//window[@name='itemInfoPanel']/rect/grid[@name='parts']/@pos">150,-273</set>
    <set xpath="//window[@name='itemInfoPanel']/rect/grid[@name='parts']/@cell_width">38</set>
    <remove xpath="//window[@name='itemInfoPanel']/rect/grid[@name='parts']/item_stack"></remove>
    <append xpath="//window[@name='itemInfoPanel']/rect/grid[@name='parts']">
		<item_stack2 name="0"/>
	</append>
    <insertAfter xpath="//window[@name='itemInfoPanel']/rect/grid[@name='parts']">
		<sprite depth="2" name="backgroundMain" sprite="menu_empty3px" pos="150,-271" width="452" height="75" color="[mediumGrey]" type="sliced"/>
	</insertAfter>
    <set xpath="//window[@name='windowAssemble']/panel[@name='content']/rect/rect/grid[@name='parts']/@rows">10</set>
    <set xpath="//window[@name='windowAssemble']/panel[@name='content']/rect/rect/grid[@name='parts']/@cols">2</set>
    <set xpath="//window[@name='windowAssemble']/panel[@name='content']/rect/rect/grid[@name='parts']/@pos">-370,-404</set>
	
	<!-- *** Mod-Slot windowAssemble change -->
    <set xpath="/windows/window[@name='windowAssemble']/panel[@name='content']/rect/rect/grid[@name='parts']/@rows">6</set>
    <set xpath="/windows/window[@name='windowAssemble']/panel[@name='content']/rect/rect/grid[@name='parts']/@cols">2</set>
    <set xpath="/windows/window[@name='windowAssemble']/panel[@name='content']/rect/rect/grid[@name='parts']/@pos">-96,-404</set>
    <set xpath="/windows/window[@name='windowAssemble']/panel[@name='content']/rect/rect/grid[@name='parts']/@cell_width">189</set>
    <set xpath="/windows/window[@name='windowAssemble']/panel[@name='content']/rect/rect/grid[@name='parts']/@cell_height">62</set>
    <remove xpath="/windows/window[@name='windowAssemble']/panel[@name='content']/rect/rect/grid[@name='parts']/item_part_slot"></remove>
    <append xpath="/windows/window[@name='windowAssemble']/panel[@name='content']/rect/rect/grid[@name='parts']">
		<item_part_slot2 controller="ItemPartStack" empty_slot_text_key="xuiEmptyModifierSlot" />
	</append>
	
	<!--remove xpath="//window[@name='windowCompass']"/-->
	
    <!--set xpath="/windows/window[@name='HUDRightStatBars']/rect[@name='hud' and @pos='-90,32']/@pos">999,32</set--> <!-- Improvised Removal Of Picked Up Blocks And XP by moving out of bounds (never used, since I only wanted to remove XP, not piked up blocks) -->
	
	<!-- ### Inventory Size -->
    <set xpath="/windows/window[@name='windowBackpack']/panel[@name='content']/sprite[@name='backgroundMain']/@pos">0,4</set>
    <set xpath="/windows/window[@name='windowBackpack']/panel[@name='content']/sprite[@name='backgroundMain']/@width">606</set>
    <set xpath="/windows/window[@name='windowBackpack']/panel[@name='content']/sprite[@name='backgroundMain']/@height">364</set>
    <set xpath="/windows/window[@name='windowBackpack']/panel[@name='content']/grid[@name='inventory']/@rows">6</set>
    <set xpath="/windows/window[@name='windowBackpack']/panel[@name='content']/grid[@name='inventory']/@cols">10</set>
    <set xpath="/windows/window[@name='windowBackpack']/panel[@name='content']/grid[@name='inventory']/@pos">-8,7</set>
    <set xpath="/windows/window[@name='windowBackpack']/panel[@name='content']/grid[@name='inventory']/@cell_width">60</set>
    <set xpath="/windows/window[@name='windowBackpack']/panel[@name='content']/grid[@name='inventory']/@cell_height">60</set>
    <remove xpath="/windows/window[@name='windowBackpack']/panel[@name='content']/grid[@name='inventory']/backpack_item_stack"></remove>
    <append xpath="/windows/window[@name='windowBackpack']/panel[@name='content']/grid[@name='inventory']">
		<backpack_item_stack2 name="0"/>
	</append>
	
    <set xpath="/windows/window[@name='windowLooting']/rect[@name='content']/grid[@name='queue']/@rows">10</set>
    <set xpath="/windows/window[@name='windowLooting']/rect[@name='content']/grid[@name='queue']/@cols">10</set>
	
	
	<!-- ### Overall Stat UI changes -->
	<!-- good background sprites: ui_game_background_fill (cornered), ui_game_header_fill (rounded corners), ui_game_header_insert(rounded sides but cornered), ui_game_panel_header(corndered but black), right_click_9_slice -->
	<!-- good filler sprites:  Highlight - Shadowed, Highlight - Thin, highlight_thin2 -->
	<remove xpath="/windows/window[@name='HUDLeftStatBars']"/>
	<remove xpath="/windows/window[@name='windowToolbelt']"/>
	<remove xpath="/windows/window[@name='windowTrader']"/>
	<append xpath="/windows">
		<window name="HUDLeftStatBars">
			<rect name="hud" pos="4,135" rows="2" cols="1" width="168" side="right">
				<rect width="420" height="40" pos="0,-45" controller="HUDStatBar" stat_type="Health" visible="{statvisible}">
					<sprite depth="1" name="background" sprite="right_click_9_slice" color="3,3,3,255" type="sliced" globalopacitymod="1.5"/>
					<filledsprite depth="2" name="background" sprite="right_click_9_slice" color="59,59,59,128" width="420" type="filled" fill="{statmodifiedmax}" globalopacitymod="1.5"/>
					<filledsprite depth="3" name="BarContent" sprite="Highlight - Thin" color="220,0,0,234" width="420" type="filled" fill="0" globalopacitymod="1.5"/>
					<sprite depth="4" name="Icon" atlas="{staticonatlas|once}" sprite="ui_game_symbol_cardio" size="24,24" pos="18,-20" pivot="center" foregroundlayer="true"/>
					<label depth="5" name="TextContent" pos="33,-20" font_size="32" color="[white]" justify="right" pivot="left" text="{statcurrentwithmax}" width="75" height="35"/>
				</rect>
				<rect width="118" height="40" pos="422,-45" controller="HUDStatBar" stat_type="Food" visible="{statvisible}">
					<sprite depth="1" name="background" sprite="right_click_9_slice" color="3,3,3,255" type="sliced" globalopacitymod="1.5"/>
					<filledsprite depth="2" name="background" sprite="right_click_9_slice" color="59,59,59,188" width="118" type="filled" fill="{statmodifiedmax}" globalopacitymod="1.5"/>
					<filledsprite depth="3" name="BarContent" sprite="Highlight - Thin" color="0,220,0,128" width="118" type="filled" fill="0" globalopacitymod="1.5"/>
					<sprite depth="4" name="Icon" atlas="{staticonatlas|once}" sprite="{staticon|once}" size="24,24" pos="20,-20" pivot="center" foregroundlayer="true"/>
					<!--label depth="5" name="TextContent" pos="-1,-20" font_size="32" color="[white]" justify="right" pivot="left" text="{# length(statfill)==0 ? '' : Truncate((float(statfill) * (cvar('$LastPlayerLevel') + 100)) - ((float(statfill) * (cvar('$LastPlayerLevel') + 100))/100))}" width="75" height="35"/-->
					<label depth="5" name="TextContent" pos="-1,-20" font_size="32" color="[white]" justify="right" pivot="left" text="{# length(statfill)==0 ? '' : Truncate((float(statfill) * (100 + 100)) - ((float(statfill) * (100 + 100))/100))}" width="75" height="35"/> <!-- 200HP by default changes -->
				</rect>
				<rect width="420" height="40" pos="0,-90" controller="HUDStatBar" stat_type="Stamina" visible="{statvisible}">
					<sprite depth="1" name="background" sprite="right_click_9_slice" color="3,3,3,255" type="sliced" globalopacitymod="1.5"/>
					<filledsprite depth="2" name="background" sprite="right_click_9_slice" color="59,59,59,128" width="420" type="filled" fill="{statmodifiedmax}" globalopacitymod="1.5"/>
					<filledsprite depth="3" name="BarContent" sprite="Highlight - Thin" color="0,54,255,234" width="420" type="filled" fill="0" globalopacitymod="1.5"/>
					<sprite depth="4" name="Icon" atlas="{staticonatlas|once}" sprite="ui_game_symbol_agility" size="24,24" pos="18,-20" pivot="center" foregroundlayer="true"/>
					<label depth="5" name="TextContent" pos="33,-20" font_size="32" color="[white]" justify="right" pivot="left" text="{statcurrentwithmax}" width="75" height="35"/>
				</rect>
				<rect width="118" height="40" pos="422,-90" controller="HUDStatBar" stat_type="Water" visible="{statvisible}">
					<sprite depth="1" name="background" sprite="right_click_9_slice" color="3,3,3,255" type="sliced" globalopacitymod="1.5"/>
					<filledsprite depth="2" name="background" sprite="right_click_9_slice" color="59,59,59,128" width="118" type="filled" fill="{statmodifiedmax}" globalopacitymod="1.5"/>
					<filledsprite depth="3" name="BarContent" sprite="Highlight - Thin" color="105,162,255,234" width="118" type="filled" fill="0" globalopacitymod="1.5"/>
					<sprite depth="4" name="Icon" atlas="{staticonatlas|once}" sprite="{staticon|once}" size="24,24" pos="20,-20" pivot="center" foregroundlayer="true"/>
					<!--label depth="5" name="TextContent" pos="-1,-20" font_size="32" color="[white]" justify="right" pivot="left" text="{# length(statfill)==0 ? '' : Truncate((float(statfill) * (cvar('$LastPlayerLevel') + 100)) - ((float(statfill) * (cvar('$LastPlayerLevel') + 100))/100))}" width="75" height="35"/-->
					<label depth="5" name="TextContent" pos="-1,-20" font_size="32" color="[white]" justify="right" pivot="left" text="{# length(statfill)==0 ? '' : Truncate((float(statfill) * (100 + 100)) - ((float(statfill) * (100 + 100))/100))}" width="75" height="35"/> <!-- 200HP by default changes -->
				</rect>
				<rect width="420" height="40" pos="0,-0" controller="HUDStatBar" stat_type="Stealth" visible="{statvisible}">
					<sprite depth="1" name="background" sprite="right_click_9_slice" color="3,3,3,255" type="sliced" globalopacitymod="1.5"/>
					<filledsprite depth="2" name="background" sprite="right_click_9_slice" color="59,59,59,128" type="filled" fill="1" globalopacitymod="1.5"/>
					<filledsprite depth="3" name="BarContent" sprite="Highlight - Thin" color="159,159,159,128" type="filled" fill="0" globalopacitymod="1.5"/>
					<sprite depth="4" name="Icon" atlas="{staticonatlas|once}" sprite="{staticon|once}" size="24,24" pos="20,-20" pivot="center" foregroundlayer="true"/>
					<label depth="5" name="TextContent" pos="-16,-22" font_size="26" color="[white]" justify="right" pivot="left" text="{statcurrent}" width="75" height="35"/> 
				</rect>
			</rect>
			<rect name="hud" pos="90,121" side="left" controller="BuffPopoutList" pivot="BottomLeft" >
				<panel width="400" height="39" name="item" visible="false" pivot="right" disableautobackground="true" pos="70, 0" style="press" sound="[recipe_click]" on_hover="true" >
					<sprite depth="1" pos="0,0"  name="Background" sprite="ui_game_popup" height="39" width="400" pivot="center" flip="Horizontally" color="[transparent]" />
					<sprite depth="2" name="Icon" size="32,32" pos="-54,-1" pivot="center" color="[transparent]"/>
					<label depth="3" name="TextContent" pos="-28,-1" font_size="26" color="[white]" justify="left" width="400" height="40" pivot="left"/>
				</panel>
			</rect>
		</window>
		
		<window name="windowToolbelt" width="753" height="78" depth="5" anchor="CenterBottom" pos="-376, 84" backgroundcolor="[black]" controller="ToolbeltWindow" cursor_area="true" xp_fill_speed="2.5" >
			<rect>
				<sprite depth="8" name="backgroundMain" sprite="menu_empty3px" color="[black]" type="sliced" fillcenter="false" on_press="true" />
				<rect pos="3,-3" controller="Toolbelt">
					<grid depth="10" name="inventory" rows="1" cols="10" pos="0,0" cell_width="75" cell_height="75" repeat_content="true">
						<item_stack name="0"/>
					</grid>
					<button depth="3" name="btnClearInventory1" sprite="ui_game_symbol_trash" tooltip_key="lblClearInventory" pos="800, -32" style="icon32px, press, hover" pivot="center" sound="[paging_click]" visible="{creativewindowopen}" />
					<grid depth="10" name="inventory2" rows="1" cols="10" pos="0,82" cell_width="75" cell_height="75" repeat_content="true" visible="{secondrow}">
						<item_stack name="0"/>
					</grid>
					<button depth="3" name="btnClearInventory2" sprite="ui_game_symbol_trash" tooltip_key="lblClearInventory" pos="800, 50" style="icon32px, press, hover" pivot="center" sound="[paging_click]" visible="{# creativewindowopen and secondrow}" />
				</rect>
				<sprite depth="1" pos="0,-77" height="15" color="[mediumGrey]" sprite="menu_empty2px" globalopacity="false" type="sliced" />
				<sprite depth="9" pos="0,-77" height="15" color="[black]" sprite="menu_empty2px" globalopacity="false" type="sliced" fillcenter="false" />
				<sprite depth="4" pos="0,-77" height="15" width="750" color="{xpcolor}" globalopacity="false" type="filled" fill="{xp}" />
			</rect>
		</window>
		
		<!-- *** Trader -->
	<window name="windowTrader"  width="645" height="688" panel="Left" controller="TraderWindow" cursor_area="true" >

		<panel name="header" height="43" depth="1" backgroundspritename="ui_game_panel_header">
			<sprite pos="4,-5" depth="2" name="windowIcon" style="icon32px" sprite="ui_game_symbol_map_trader"/>
			<player_name width="350" height="32" />
			<label depth="2" pos="340,-8" width="300" height="28" text="{restocklabel}: {timeleft}" justify="right" visible="{showrestock}" />

			<label pos="600, -6" depth="2" name="availableMoney" width="64" height="32" text="{availablemoney}" font_size="32" justify="right" pivot="topright" visible="{isowner}"/>
			<sprite pos="638, -5" depth="2" name="coinIcon" style="icon32px" sprite="ui_game_symbol_coin" pivot="topright" visible="{isowner}"/>
		</panel>

		<panel name="content" width="100%" height="650" depth="1" pos="0,-43" on_scroll="true" disableautobackground="true">

			<rect depth="2" name="categorySelector" width="645" height="44" pos="3,-6">
				<sprite name="backgroundMain" sprite="menu_empty3px" pos="-3,3" width="645" height="49" color="[black]" type="sliced" fillcenter="false" />
				<sprite color="[mediumGrey]" type="sliced" width="639" />
				<grid name="categories" pos="23,-21" rows="1" cols="15" width="390" height="43" cell_width="43" cell_height="43" repeat_content="true" controller="CategoryList">
					<category_icon />
				</grid>
			</rect>

			<rect depth="3" name="searchControls" width="645" height="44" pos="3,-52">
				<sprite name="backgroundMain" sprite="menu_empty3px" pos="-3,3" width="645" height="49" color="[black]" type="sliced" fillcenter="false" />
				<sprite color="[darkGrey]" type="sliced" width="639" />

				<button depth="4" name="collect" style="icon30px, press" pos="22,-22" sprite="ui_game_symbol_coin" pivot="center" tooltip="COLLECT" tooltip_key="btnCollect" sound="[paging_click]" visible="{isownerorrentable}" />
				<button depth="4" name="takeAll" style="icon30px, press" pos="65,-22" sprite="ui_game_symbol_hand" pivot="center" tooltip="TAKE ALL" tooltip_key="btnTakeAll" sound="[paging_click]" visible="{isownerorrentable}" />
				<button depth="4" name="rent" style="icon30px, press" pos="108,-22" sprite="ui_game_symbol_vending" pivot="center" tooltip="RENT" tooltip_key="lblContextActionRent" sound="[paging_click]" visible="{isrentable|once}" />
				
				<button depth="4" name="showAll" style="icon30px, press, hover" pos="293,-22" sprite="ui_game_symbol_computer" defaultcolor="[disabledLabelColor]" pivot="center" tooltip_key="Show All" sound="[paging_click]" visible="{is_debug}" />

				<label depth="5" pos="135,-8" width="180" height="28" text="{renttimeleft}" visible="{isrenter}" />

				<panel pos="334,0" width="200" disableautobackground="true">
					<sprite depth="4" name="searchIcon" style="icon30px" pos="0,-22" sprite="ui_game_symbol_search" pivot="center"/>
					<textfield depth="5" name="searchInput" pos="22,-7" width="140" height="30" virtual_keyboard_prompt="vkPromptSearchTerm" search_field="true" close_group_on_tab="true" />
				</panel>

				<panel pos="516,0" width="104" height="43" disableautobackground="true">
					<pager name="pager" pos="4,-6" contents_parent="content"/>
				</panel>
			</rect>

			<rect name="tableHeader" pos="2,-98" width="642" height="43">
				<sprite depth="1" name="background" color="[lightGrey]" type="sliced"/>

				<rect depth="1" width="416" height="40">
					<sprite depth="0" name="backgroundMain" sprite="menu_empty3px" pos="-2,3" width="421" height="46" color="[black]" type="sliced" fillcenter="false" />

					<sprite depth="1" pos="3,-3" style="icon32px" sprite="ui_game_symbol_shopping_cart"/>
					<label depth="1" pos="40,-5" text_key="xuiProductName" width="240"/>
				</rect>

				<rect depth="1" pos="419,0" width="120" height="40" >
					<sprite depth="0" name="backgroundMain" sprite="menu_empty3px" pos="-3,3" width="126" height="46" color="[black]" type="sliced" fillcenter="false" />

					<sprite depth="1" pos="3,-3" style="icon32px" sprite="ui_game_symbol_diamond"/>
					<label depth="1" pos="40,-5" text_key="xuiQuality" width="70"/>
				</rect>

				<rect depth="1" pos="542,0" width="97" height="40">
					<sprite depth="0" name="backgroundMain" sprite="menu_empty3px" pos="-3,3" width="104" height="46" color="[black]" type="sliced" fillcenter="false" />

					<sprite depth="1" pos="3,-3" style="icon32px" sprite="ui_game_symbol_coin"/>
					<label depth="1" pos="40,-5" text_key="xuiCost" width="55"/>
				</rect>

				<!-- <rect depth="1" pos="585,0" width="149" height="40">
					<sprite depth="0" name="backgroundMain" sprite="menu_empty3px" pos="-3,3" width="154" height="46" color="[black]" type="sliced" fillcenter="false" />

					<sprite depth="1" pos="3,-3" style="icon32px, press, hover" sprite="ui_game_symbol_check"/>
					<label depth="1" pos="42,-8" text="Required" text_key="xuiRequired" width="100"/>
				</rect> -->
			</rect>

			<grid name="items" rows="19" cols="1" pos="3,-141" width="639" height="552" cell_width="390" cell_height="32" repeat_content="true" arrangement="vertical" controller="TraderItemList" >
				<trader_item2 name="0"/>
			</grid>
		</panel>
	</window>
	</append>
	
	
	<!-- ### Action Skill | Perk Window & Challenge Window Changes -->
	<remove xpath="//window[@name='windowPagingHeader']/button[@name='Skills']"/>
	<remove xpath="//window[@name='windowPagingHeader']/button[@name='Challenges']"/>
	<set xpath="//window[@name='windowPagingHeader']/button[@name='Character']/@pos">101,-21</set>
	<set xpath="//window[@name='windowPagingHeader']/button[@name='Map']/@pos">171,-21</set>
	<set xpath="//window[@name='windowPagingHeader']/button[@name='Players']/@pos">501,-21</set>
	
	<set xpath="//window[@name='CharacterFrameWindow']/@controller">ExtendedCharacterFrameWindow, 7DEFT</set>
	<remove xpath="//window[@name='CharacterFrameWindow']/grid[(@visible='{showstats}') or (@visible='{showcore}')]"/>
	<insertAfter xpath="//window[@name='CharacterFrameWindow']/rect[@name='searchControls']/button[@name='coreStatButton']">
		<button depth="4" name="newStatButton" style="icon30px, press" pos="152,-22" sprite="ui_game_symbol_gunsmithing" pivot="center" tooltip="Stats" sound="[paging_click]" tooltip_key="lblCharacterStats3" />
		<button depth="4" name="secondStatButton" style="icon30px, press" pos="196,-22" sprite="ui_game_symbol_intellect" pivot="center" tooltip="Stats" sound="[paging_click]" tooltip_key="lblCharacterStats4" />
		<button depth="4" name="thirdStatButton" style="icon30px, press" pos="240,-22" sprite="ui_game_symbol_intellect" pivot="center" tooltip="Stats" sound="[paging_click]" tooltip_key="lblCharacterStats5" />
	</insertAfter>
	<insertAfter xpath="//window[@name='CharacterFrameWindow']/rect[@visible='{showcharactersdcs}']">
		<grid visible="{showstats}" depth="0" pos="0,-86" width="327" cols="1" cell_height="30" repeat_content="false" arrangement="vertical">
			<player_stats_entry backgroundcolor="[darkestGrey]" textcontent="{playerhealthtitle|once}" valuecontent="{playerhealth}/{playermaxhealth}" />
			<player_stats_entry backgroundcolor="[darkGrey]"    textcontent="{playerstaminatitle|once}" valuecontent="{playerstamina}/{playermaxstamina}" />
			<player_stats_entry backgroundcolor="[darkestGrey]" textcontent="{playerfoodtitle|once}" valuecontent="{playermodifiedcurrentfood}/{playerfoodmax}" />
			<player_stats_entry backgroundcolor="[darkGrey]"    textcontent="{playerwatertitle|once}" valuecontent="{playermodifiedcurrentwater}/{playerwatermax}" />
			<player_stats_entry backgroundcolor="[darkestGrey]" textcontent="{playercoretemptitle|once}" valuecontent="{playercoretemp}" />
			<player_stats_entry backgroundcolor="[darkGrey]"    textcontent="{playerzombiekillstitle|once}" valuecontent="{playerzombiekills}" />
			<player_stats_entry backgroundcolor="[darkestGrey]"	textcontent="Normal" valuecontent="{cvar($LBD_KilledEntities_Zombies_Normal)}"/>
			<player_stats_entry backgroundcolor="[darkGrey]"	textcontent="Feral" valuecontent="{cvar($LBD_KilledEntities_Zombies_Feral)}"/>
			<player_stats_entry backgroundcolor="[darkestGrey]"	textcontent="Radiated" valuecontent="{cvar($LBD_KilledEntities_Zombies_Radiated)}"/>
			<player_stats_entry backgroundcolor="[darkGrey]"	textcontent="Headshots" valuecontent="{cvar($LBD_KilledEntities_Zombies_Head)}"/>
			<player_stats_entry backgroundcolor="[darkestGrey]"	textcontent="Armored" valuecontent="{cvar($KilledEntities_Zombies_Armored)}"/>
			<player_stats_entry backgroundcolor="[darkGrey]"	textcontent="Wights" valuecontent="{cvar($KilledEntities_Zombies_Wights)}"/>
			<player_stats_entry backgroundcolor="[darkestGrey]"	textcontent="Demolitioners" valuecontent="{cvar($KilledEntities_Zombies_Demolitioners)}"/>
			<player_stats_entry backgroundcolor="[darkGrey]" textcontent="{playerpvpkillstitle|once}" valuecontent="{playerpvpkills}" />
			<player_stats_entry backgroundcolor="[darkestGrey]"    textcontent="{playerdeathstitle|once}" valuecontent="{playerdeaths}" />
			<player_stats_entry backgroundcolor="[darkGrey]" textcontent="{playertravelledtitle|once}" valuecontent="{playertravelled}" />
			<player_stats_entry backgroundcolor="[darkestGrey]"    textcontent="{playeritemscraftedtitle|once}" valuecontent="{playeritemscrafted}" />
			<player_stats_entry backgroundcolor="[darkGrey]" textcontent="{playerlongestlifetitle|once}" valuecontent="{playerlongestlife}" />
			<player_stats_entry backgroundcolor="[darkestGrey]"    textcontent="{playercurrentlifetitle|once}" valuecontent="{playercurrentlife}" />
			<player_stats_entry backgroundcolor="[darkGrey]" textcontent="{playerxptonextleveltitle|once}" valuecontent="{playerxptonextlevel}" />
			<player_stats_entry backgroundcolor="[darkestGrey]"    textcontent="{playerlootstagetitle|once}" valuecontent="{playerlootstage}" />
		</grid>

		<grid visible="{showcore}" depth="0" pos="0,-86" width="327" cols="1" cell_height="30" repeat_content="false" arrangement="vertical">
			<player_stats_generic_entry backgroundcolor="[darkestGrey]" index="1" />
			<player_stats_generic_entry backgroundcolor="[darkGrey]"    index="2" />
			<player_stats_generic_entry backgroundcolor="[darkestGrey]" index="3" />
			<player_stats_generic_entry backgroundcolor="[darkGrey]"    index="4" />
			<player_stats_generic_entry backgroundcolor="[darkestGrey]" index="5" />
			<player_stats_generic_entry backgroundcolor="[darkGrey]"    index="6" />
			<player_stats_generic_entry backgroundcolor="[darkestGrey]" index="7" />
			<player_stats_generic_entry backgroundcolor="[darkGrey]"    index="8" />
			<player_stats_generic_entry backgroundcolor="[darkestGrey]" index="9" />
			<player_stats_generic_entry backgroundcolor="[darkGrey]"    index="10" />
			<player_stats_generic_entry backgroundcolor="[darkestGrey]" index="11" />
			<player_stats_generic_entry backgroundcolor="[darkGrey]"    index="12" />
			<player_stats_generic_entry backgroundcolor="[darkestGrey]" index="13" />
			<player_stats_generic_entry backgroundcolor="[darkGrey]"    index="14" />
			<player_stats_generic_entry backgroundcolor="[darkestGrey]" index="15" />
			<player_stats_generic_entry backgroundcolor="[darkGrey]"    index="16" />
			<player_stats_generic_entry backgroundcolor="[darkestGrey]" index="17" />
			<player_stats_entry backgroundcolor="[darkGrey]" textcontent="Death Penalty HP Loss" valuecontent="{cvar($DP_PermanentHealthLoss)}" />
		</grid>

		<grid visible="{newshowstats}" depth="0" pos="0,-86" width="327" cols="1" cell_height="30" repeat_content="false" arrangement="vertical">
			<player_stats_entry backgroundcolor="[darkestGrey]" textcontent="Current Recoil      " valuecontent="{# Round((cvar('$gunEftBaseRecoil')),2)}"/>
			<player_stats_entry backgroundcolor="[darkGrey]"    textcontent="Gun Weight          " valuecontent="{# Round((cvar('$gunEftWeightKg')),3)}kg"/>
			<player_stats_entry backgroundcolor="[darkestGrey]" textcontent="-Loaded             " valuecontent="{# Round((cvar('$gunEftWeightTotal')),3)}kg"/>
			<player_stats_entry backgroundcolor="[darkGrey]"    textcontent="Hipfire Accuracy    " valuecontent="{# Round((cvar('$gunEftHipAcc')),2)}"/>
			<player_stats_entry backgroundcolor="[darkestGrey]" textcontent="Recoil Reduction    " valuecontent="{# Round((cvar('$DisplayValue_Gun_RecoilReduction')),2)}%"/>
			<player_stats_entry backgroundcolor="[darkGrey]"    textcontent="Gun Ergonomics      " valuecontent="{# Round((cvar('$gunEftHoldingGunErgo')),2)}/1"/>
			<player_stats_entry backgroundcolor="[darkestGrey]" textcontent="Mobility            " valuecontent="{# Round((cvar('$DisplayValue_Gun_Mobility')),2)}%"/>
			<player_stats_entry backgroundcolor="[darkGrey]"    textcontent="Gun Return Speed    " valuecontent="{# Round((cvar('$gunEftHoldingGunReturnSpeed')),2)}"/>
			<!--player_stats_entry backgroundcolor="[darkestGrey]" textcontent="Aiming Stamina Usage" valuecontent="{# Round((cvar('$DisplayValue_Gun_AimingStaminaUsage')),0)}/s"/-->
		</grid>
		<grid visible="{showsecondtab}" depth="0" pos="0,-86" width="327" cols="1" cell_height="30" repeat_content="false" arrangement="vertical">
			<player_stats_entry backgroundcolor="[darkestGrey]" textcontent="Total Shots Fired" valuecontent="{cvar($ASkill_Gun_TotalShotsCounter)}"/>
			<player_stats_entry backgroundcolor="[darkGrey]"    textcontent="Recoil Control Bonus" valuecontent="{# Round((cvar('$DisplayValue_ASkill_Gun_RecoilBonus')),2)}%/-25%"/>
			<player_stats_entry backgroundcolor="[darkestGrey]" textcontent="Total Reloads" valuecontent="{cvar($ASkill_Gun_ReloadCounter)}"/>
			<player_stats_entry backgroundcolor="[darkGrey]"    textcontent="Reload Speed Bonus" valuecontent="+{# Round((cvar('$DisplayValue_ASkill_Gun_ReloadBonus')),2)}%/+50%"/>
			<player_stats_entry backgroundcolor="[darkestGrey]" textcontent="Total Gun Hits" valuecontent="{cvar($ASkill_Gun_AttackCounter)}"/>
			<player_stats_entry backgroundcolor="[darkestGrey]" textcontent="Total Archery Hits" valuecontent="{cvar($ASkill_Archery_AttackCounter)}"/>
			<player_stats_entry backgroundcolor="[darkestGrey]" textcontent="Total Turret Hits" valuecontent="{cvar($ASkill_Turret_AttackCounter)}"/>
			<player_stats_entry backgroundcolor="[darkestGrey]" textcontent="Total Melee Hits" valuecontent="{cvar($ASkill_Melee_AttackCounter)}"/>
			<player_stats_entry backgroundcolor="[darkGrey]"    textcontent="Damage Bonus" valuecontent="+{# Round((cvar('$DisplayValue_ASkill_General_DamageBonus')),2)}%"/>
			<player_stats_entry backgroundcolor="[darkestGrey]" textcontent="Total Aimed Time" valuecontent="{# Round((cvar('$DisplayValue_ASkill_Gun_TotalAimedTime')),0)}m"/>
			<player_stats_entry backgroundcolor="[darkGrey]"    textcontent="Ergonomics Bonus" valuecontent="+{# Round((cvar('$DisplayValue_ASkill_Gun_ErgoBonus')),2)}%/+100%"/>
			<player_stats_entry backgroundcolor="[darkestGrey]" textcontent="Gun Movement Time" valuecontent="{# Round((cvar('$DisplayValue_ASkill_Gun_Gun_TotalGunMovementTime')),0)}m"/>
			<player_stats_entry backgroundcolor="[darkGrey]"    textcontent="Gun Mobility Penalty" valuecontent="{# Round((cvar('$DisplayValue_ASkill_Gun_GunHoldingMobilityBonus')),2)}%/-75%"/>
			<player_stats_entry backgroundcolor="[darkestGrey]" textcontent="Total Melee Actions" valuecontent="{cvar($ASkill_Melee_HitCounter)}"/>
			<player_stats_entry backgroundcolor="[darkGrey]"    textcontent="Melee Stamina Bonus" valuecontent="{# Round((cvar('$DisplayValue_ASkill_Melee_StaminaBonus')),2)}%/-25%"/>
			<player_stats_entry backgroundcolor="[darkGrey]"    textcontent="Melee Attack Speed Bonus" valuecontent="+{# Round((cvar('$DisplayValue_ASkill_Melee_AttackSpeedBonus')),2)}%/+33%"/>
			<player_stats_entry backgroundcolor="[darkestGrey]" textcontent="Total Blocks Damaged (M69)" valuecontent="{cvar($ASkill_Miner69er_BlockDamagedCountMiner)}"/>
			<player_stats_entry backgroundcolor="[darkestGrey]" textcontent="Total Blocks Destroyed (M69)" valuecontent="{cvar($ASkill_Miner69er_BlockDestroyedCount)}"/>
			<player_stats_entry backgroundcolor="[darkGrey]"    textcontent="Block Damage Bonus (M69)" valuecontent="+{# Round((cvar('$DisplayValue_ASkill_Miner69er_BlockDamageBonus')),2)}%/+150%"/>
			<player_stats_entry backgroundcolor="[darkGrey]"    textcontent="Harvest Count Bonus (M69)" valuecontent="+{# Round((cvar('$DisplayValue_ASkill_Miner69er_HarvestCountBonus')),2)}%/+100%"/>
			<player_stats_entry backgroundcolor="[darkestGrey]" textcontent="Total Blocks Damaged (SO)" valuecontent="{cvar($ASkill_SalvageOperations_BlockDamagedCountSalvage)}"/>
			<player_stats_entry backgroundcolor="[darkestGrey]" textcontent="Total Blocks Harvested (SO)" valuecontent="{cvar($ASkill_SalvageOperations_BlockHarvestedCount)}"/>
			<player_stats_entry backgroundcolor="[darkGrey]"    textcontent="Block Damage Bonus (SO)" valuecontent="+{# Round((cvar('$DisplayValue_ASkill_SalvageOperations_BlockDamageBonus')),2)}%/+150%"/>
			<player_stats_entry backgroundcolor="[darkGrey]"    textcontent="Harvest Count Bonus (SO)" valuecontent="+{# Round((cvar('$DisplayValue_ASkill_SalvageOperations_HarvestCountBonus')),2)}%/+100%"/>
		</grid>
		<grid visible="{showthirdtab}" depth="0" pos="0,-86" width="327" cols="1" cell_height="30" repeat_content="false" arrangement="vertical">
			<player_stats_entry backgroundcolor="[darkestGrey]" textcontent="Total Loot Containers Opened" valuecontent="{cvar($ASkill_General_OpenedLootContainers)}"/>
			<player_stats_entry backgroundcolor="[darkGrey]"    textcontent="Looting Speed Bonus" valuecontent="+{# Round((cvar('$DisplayValue_ASkill_General_LootContainerOpenSpeedBonus')),2)}%/+80%"/>
			<player_stats_entry backgroundcolor="[darkestGrey]" textcontent="Encumbered Time" valuecontent="{# Round((cvar('$DisplayValue_ASkill_General_EncumberedTime')),0)}m"/>
			<player_stats_entry backgroundcolor="[darkGrey]"    textcontent="Carry Capacity Bonus" valuecontent="{# Round((cvar('$ASkill_Mobility_CarryCapacityBonus')),0)}/30"/>
			<player_stats_entry backgroundcolor="[darkestGrey]" textcontent="Hits Taken" valuecontent="{cvar($ASkill_General_OtherDamagedSelf)}"/>
			<player_stats_entry backgroundcolor="[darkGrey]"    textcontent="Damage Resistance Bonus" valuecontent="+{# Round((cvar('$DisplayValue_ASkill_General_DamageResistanceBonus')),2)}%/+15%"/>
			<player_stats_entry backgroundcolor="[darkGrey]"    textcontent="Healing Factor Bonus" valuecontent="{# Round((cvar('$ASkill_General_HealingFactorBonus')),2)}HP/s / 0.16HP/s"/>
			<player_stats_entry backgroundcolor="[darkestGrey]" textcontent="Total Jumps" valuecontent="{cvar($ASkill_Mobility_TotalJumps)}"/>
			<player_stats_entry backgroundcolor="[darkGrey]"    textcontent="Jump Stamina Bonus" valuecontent="{# Round((cvar('$DisplayValue_ASkill_Mobility_JumpStaminaBonus')),2)}%/-50%"/>
			<player_stats_entry backgroundcolor="[darkestGrey]" textcontent="Total Walk Time" valuecontent="{# Round((cvar('$DisplayValue_ASkill_Mobility_TotalWalkTime')),0)}m"/>
			<player_stats_entry backgroundcolor="[darkGrey]"    textcontent="Walk Speed Bonus" valuecontent="+{# Round((cvar('$DisplayValue_ASkill_Mobility_WalkBonus')),2)}%/+15%"/>
			<player_stats_entry backgroundcolor="[darkestGrey]" textcontent="Total Run Time" valuecontent="{# Round((cvar('$DisplayValue_ASkill_Mobility_TotalRunTime')),0)}m"/>
			<player_stats_entry backgroundcolor="[darkGrey]"    textcontent="Run Speed Bonus" valuecontent="+{# Round((cvar('$DisplayValue_ASkill_Mobility_RunBonus')),2)}%/+15%"/>
			<player_stats_entry backgroundcolor="[darkGrey]"    textcontent="Run Stamina Bonus" valuecontent="-{# Round((cvar('$DisplayValue_ASkill_Mobility_RunStaminaBonus')),2)}%/-30%"/>
			<player_stats_entry backgroundcolor="[darkestGrey]" textcontent="Player Level" valuecontent="{cvar($ASkill_CurrentPlayerLevel)}"/>
			<player_stats_entry backgroundcolor="[darkGrey]"    textcontent="Crafting Speed Bonus" valuecontent="{# Round((cvar('$DisplayValue_ASkill_General_CraftingTime')),2)}%/-90%"/>
			<player_stats_entry backgroundcolor="[darkestGrey]" textcontent="Low Health Time" valuecontent="{# Round((cvar('$DisplayValue_ASkill_Mobility_LowHealthTime')),0)}m"/>
			<player_stats_entry backgroundcolor="[darkGrey]"    textcontent="Adrenaline Rush" valuecontent="below {# Round((cvar('$ASkill_CombatStim_MinHPAdrenalineStart')),0)}HP/60HP"/>
			<player_stats_entry backgroundcolor="[darkestGrey]" textcontent="Total Injectors Used" valuecontent="{cvar($ASkill_CombatStim_InjectorUsedCount)}"/>
			<player_stats_entry backgroundcolor="[darkGrey]"    textcontent="Injector Duration Bonus" valuecontent="+{# Round((cvar('$DisplayValue_ASkill_CombatStim_DurationBonus')),2)}%/100%"/>
			<!--player_stats_entry backgroundcolor="[darkGrey]" textcontent="" valuecontent="{# Round((cvar('$DisplayValue_ASkill_CombatStim_Bonus')),2)}%"/-->
		</grid>
	</insertAfter>
	
	
	<!-- ### Forge More Smelting Slots | Longer Player Crafting Queue -->
	<set xpath="//window[@name='windowForgeInput']/@height">279</set>
	<set xpath="//window[@name='windowForgeInput']/rect[@name='content']/grid[@controller='WorkstationMaterialInputGrid']/@rows">3</set>
	<set xpath="//window[@name='windowForgeInput']/sprite[@name='backgroundMain']/@height">229</set>
	<set xpath="//window[@name='windowForgeInput']/rect[@name='content2']/@height">224</set>
	<set xpath="//window[@name='windowForgeInput']/rect[@name='content2']/grid/@cell_height">39</set>
	
	<!--set xpath="//window[@name='windowOutput']/rect[@name='content']/grid[@controller='WorkstationMaterialInputGrid']/@rows">3</set-->
	<set xpath="//window[@name='windowCraftingQueue']/rect[@controller='CraftingQueue']/grid[@name='queue']/@cols">6</set>
	<set xpath="//window[@name='windowCraftingQueue']/rect[@controller='CraftingQueue']/grid[@name='queue']/@cell_width">64</set>
	<set xpath="//window[@name='windowCraftingQueue']/rect[@controller='CraftingQueue']/grid[@name='queue']/@cell_height">64</set>
	<remove xpath="//window[@name='windowCraftingQueue']/rect[@controller='CraftingQueue']/grid[@name='queue']/recipe_stack"></remove>
    <append xpath="//window[@name='windowCraftingQueue']/rect[@controller='CraftingQueue']/grid[@name='queue']"><recipe_stack2 name="0"/></append>
	<set xpath="//window[@name='windowCraftingQueue']/rect[@controller='CraftingQueue']/@pos">80</set>
</configs>