<witos>

	<append xpath="/entity_classes">
		<entity_class name="WitosAirShip">
			<property name="Tags" value="vehicle"/>
			<property name="Class" value="EntityVBlimp"/>
			<property name="Parent" value="Cars"/>
			<property name="Prefab" value="#@modfolder:Resources/Airship.unity3d?Airship2"/>
			<property name="ModelType" value="Standard"/>
			<property name="SurfaceCategory" value="metal"/>
			<property name="IgnoreTrigger" value="true"/>
			<property name="LootListAlive" value="carga140"/>
			<property name="IsEnemyEntity" value="false"/>
			<property name="Explosion.ParticleIndex" value="6"/>
			<property name="Explosion.RadiusBlocks" value="5"/>
			<property name="Explosion.RadiusEntities" value="5"/>
			<property name="Explosion.BlockDamage" value="30"/>
			<property name="Explosion.EntityDamage" value="1000"/>
			<property name="RotateToGround" value="false"/>
			<property name="Faction" value="none"/>
			<property name="MapIcon" value="WitosAirShipMap"/>
			<property name="NavObject" value="WitosAirShipMap" />
		</entity_class>
	</append>
</witos>