<Witos>
	<append xpath="//crafting_skill[@name='craftingVehicles']/display_entry[@icon='vehicleGyrocopterPlaceable']/unlock_entry/@item">,structurewoodAirshipWitos</append>
	<append xpath="//crafting_skill[@name='craftingVehicles']/effect_group">
		<passive_effect name="RecipeTagUnlocked" operation="base_set" level="100,100" value="1" tags="structurewoodAirshipWitos"/>
	</append>
	
	<append xpath="//crafting_skill[@name='craftingVehicles']/display_entry[@icon='vehicleGyrocopterPlaceable']/unlock_entry/@item">,burner</append>
	<append xpath="//crafting_skill[@name='craftingVehicles']/effect_group">
		<passive_effect name="RecipeTagUnlocked" operation="base_set" level="100,100" value="1" tags="burner"/>
	</append>
	
		<append xpath="//crafting_skill[@name='craftingVehicles']/display_entry[@icon='vehicleGyrocopterPlaceable']/unlock_entry/@item">,candles</append>
	<append xpath="//crafting_skill[@name='craftingVehicles']/effect_group">
		<passive_effect name="RecipeTagUnlocked" operation="base_set" level="100,100" value="1" tags="candles"/>
	</append>
</Witos>



