<DEHB>
	<set xpath="/windows/window[@name='windowTargetBar']/@visibility">always</set>
	<set xpath="/windows/window[@name='windowTargetBar']/rect[1]/@width">600</set>
	<set xpath="/windows/window[@name='windowTargetBar']/rect[1]/@height">45</set>
	<set xpath="/windows/window[@name='windowTargetBar']/rect[1]/sprite/@width">601</set>
	<set xpath="/windows/window[@name='windowTargetBar']/rect[1]/filledsprite/@width">600</set>
	<set xpath="/windows/window[@name='windowTargetBar']/rect[1]/label/@height">40</set>
	<set xpath="/windows/window[@name='windowTargetBar']/rect[1]/@pos">-299,-85</set>
	<set xpath="/windows/window[@name='windowTargetBar']/rect[1]/label/@pos">-0,-4</set>
	<set xpath="/windows/window[@name='windowTargetBar']/rect[1]/label/@font_size">30</set>
	<set xpath="/windows/window[@name='windowTargetBar']/rect[1]/label/@justify">center</set>
</DEHB>