<configs>
    <set xpath="//window[@name='CharacterFrameWindow']/grid[@visible='{showstats}']/player_stats_entry[@textcontent='Normal']/@textcontent">
        Обычные
    </set>
    <set xpath="//window[@name='CharacterFrameWindow']/grid[@visible='{showstats}']/player_stats_entry[@textcontent='Feral']/@textcontent">
        Дикие
    </set>
    <set xpath="//window[@name='CharacterFrameWindow']/grid[@visible='{showstats}']/player_stats_entry[@textcontent='Radiated']/@textcontent">
        Радиоактивные
    </set>
    <set xpath="//window[@name='CharacterFrameWindow']/grid[@visible='{showstats}']/player_stats_entry[@textcontent='Headshots']/@textcontent">
        Выстрелы в голову
    </set>
    <set xpath="//window[@name='CharacterFrameWindow']/grid[@visible='{showstats}']/player_stats_entry[@textcontent='Armored']/@textcontent">
        Бронированные
    </set>
    <set xpath="//window[@name='CharacterFrameWindow']/grid[@visible='{showstats}']/player_stats_entry[@textcontent='Wights']/@textcontent">
        Умертвия
    </set>
    <set xpath="//window[@name='CharacterFrameWindow']/grid[@visible='{showstats}']/player_stats_entry[@textcontent='Demolitioners']/@textcontent">
        Разрушители
    </set>

    <set xpath="//window[@name='CharacterFrameWindow']/grid[@visible='{showcore}']/player_stats_entry[@textcontent='Death Penalty HP Loss']/@textcontent">
        Потеря здоровья от смерти
    </set>

    <set xpath="//window[@name='CharacterFrameWindow']/grid[@visible='{newshowstats}']/player_stats_entry[@textcontent='Current Recoil      ']/@textcontent">
        Текущая отдача
    </set>
    <set xpath="//window[@name='CharacterFrameWindow']/grid[@visible='{newshowstats}']/player_stats_entry[@textcontent='Gun Weight          ']/@textcontent">
        Вес оружия
    </set>
    <set xpath="//window[@name='CharacterFrameWindow']/grid[@visible='{newshowstats}']/player_stats_entry[@textcontent='-Loaded             ']/@textcontent">
        -Заряженное
    </set>
    <set xpath="//window[@name='CharacterFrameWindow']/grid[@visible='{newshowstats}']/player_stats_entry[@textcontent='Hipfire Accuracy    ']/@textcontent">
        Точность от бедра
    </set>
    <set xpath="//window[@name='CharacterFrameWindow']/grid[@visible='{newshowstats}']/player_stats_entry[@textcontent='Recoil Reduction    ']/@textcontent">
        Снижение отдачи
    </set>
    <set xpath="//window[@name='CharacterFrameWindow']/grid[@visible='{newshowstats}']/player_stats_entry[@textcontent='Gun Ergonomics      ']/@textcontent">
        Эргономика оружия
    </set>
    <set xpath="//window[@name='CharacterFrameWindow']/grid[@visible='{newshowstats}']/player_stats_entry[@textcontent='Mobility            ']/@textcontent">
        Мобильность
    </set>
    <set xpath="//window[@name='CharacterFrameWindow']/grid[@visible='{newshowstats}']/player_stats_entry[@textcontent='Gun Return Speed    ']/@textcontent">
        Скорость возврата
    </set>

    <set xpath="//window[@name='CharacterFrameWindow']/grid[@visible='{showsecondtab}']/player_stats_entry[@textcontent='Total Shots Fired']/@textcontent">
        Всего выстрелов
    </set>
    <set xpath="//window[@name='CharacterFrameWindow']/grid[@visible='{showsecondtab}']/player_stats_entry[@textcontent='Recoil Control Bonus']/@textcontent">
        Бонус контроля отдачи
    </set>
    <set xpath="//window[@name='CharacterFrameWindow']/grid[@visible='{showsecondtab}']/player_stats_entry[@textcontent='Total Reloads']/@textcontent">
        Всего перезарядок
    </set>
    <set xpath="//window[@name='CharacterFrameWindow']/grid[@visible='{showsecondtab}']/player_stats_entry[@textcontent='Reload Speed Bonus']/@textcontent">
        Бонус скорости перезарядки
    </set>
    <set xpath="//window[@name='CharacterFrameWindow']/grid[@visible='{showsecondtab}']/player_stats_entry[@textcontent='Total Gun Hits']/@textcontent">
        Всего попаданий из оружия
    </set>
    <set xpath="//window[@name='CharacterFrameWindow']/grid[@visible='{showsecondtab}']/player_stats_entry[@textcontent='Total Archery Hits']/@textcontent">
        Всего попаданий из лука
    </set>
    <set xpath="//window[@name='CharacterFrameWindow']/grid[@visible='{showsecondtab}']/player_stats_entry[@textcontent='Total Turret Hits']/@textcontent">
        Всего попаданий из турели
    </set>
    <set xpath="//window[@name='CharacterFrameWindow']/grid[@visible='{showsecondtab}']/player_stats_entry[@textcontent='Total Melee Hits']/@textcontent">
        Всего попаданий в ближнем бою
    </set>
    <set xpath="//window[@name='CharacterFrameWindow']/grid[@visible='{showsecondtab}']/player_stats_entry[@textcontent='Damage Bonus']/@textcontent">
        Бонус урона
    </set>
    <set xpath="//window[@name='CharacterFrameWindow']/grid[@visible='{showsecondtab}']/player_stats_entry[@textcontent='Total Aimed Time']/@textcontent">
        Всего времени прицеливания
    </set>
    <set xpath="//window[@name='CharacterFrameWindow']/grid[@visible='{showsecondtab}']/player_stats_entry[@textcontent='Ergonomics Bonus']/@textcontent">
        Бонус эргономики
    </set>

    <set xpath="//window[@name='CharacterFrameWindow']/grid[@visible='{showsecondtab}']/player_stats_entry[@textcontent='Gun Movement Time']/@textcontent">
        Время движения с оружием
    </set>
    <set xpath="//window[@name='CharacterFrameWindow']/grid[@visible='{showsecondtab}']/player_stats_entry[@textcontent='Gun Mobility Penalty']/@textcontent">
        Штраф мобильности с оружием
    </set>
    <set xpath="//window[@name='CharacterFrameWindow']/grid[@visible='{showsecondtab}']/player_stats_entry[@textcontent='Total Melee Hit Counter']/@textcontent">
        Счетчик ударов в ближнем бою
    </set>
    <set xpath="//window[@name='CharacterFrameWindow']/grid[@visible='{showsecondtab}']/player_stats_entry[@textcontent='Melee Stamina Bonus']/@textcontent">
        Бонус выносливости ближнего боя
    </set>
    <set xpath="//window[@name='CharacterFrameWindow']/grid[@visible='{showsecondtab}']/player_stats_entry[@textcontent='Melee Attack Speed Bonus']/@textcontent">
        Бонус скорости атаки ближнего боя
    </set>

    <set xpath="//window[@name='CharacterFrameWindow']/grid[@visible='{showsecondtab}']/player_stats_entry[@textcontent='Total Blocks Damaged (M69)']/@textcontent">
        Всего блоков повреждено (Шахта)
    </set>
    <set xpath="//window[@name='CharacterFrameWindow']/grid[@visible='{showsecondtab}']/player_stats_entry[@textcontent='Total Blocks Destroyed (M69)']/@textcontent">
        Всего блоков уничтожено (Шахта)
    </set>
    <set xpath="//window[@name='CharacterFrameWindow']/grid[@visible='{showsecondtab}']/player_stats_entry[@textcontent='Block Damage Bonus (M69)']/@textcontent">
        Бонус урона блокам (Шахта)
    </set>
    <set xpath="//window[@name='CharacterFrameWindow']/grid[@visible='{showsecondtab}']/player_stats_entry[@textcontent='Harvest Count Bonus (M69)']/@textcontent">
        Бонус добычи ресурсов (Шахта)
    </set>

    <set xpath="//window[@name='CharacterFrameWindow']/grid[@visible='{showsecondtab}']/player_stats_entry[@textcontent='Total Blocks Damaged (SO)']/@textcontent">
        Всего блоков повреждено (Разбор)
    </set>
    <set xpath="//window[@name='CharacterFrameWindow']/grid[@visible='{showsecondtab}']/player_stats_entry[@textcontent='Total Blocks Harvested (SO)']/@textcontent">
        Всего блоков собрано (Разбор)
    </set>
    <set xpath="//window[@name='CharacterFrameWindow']/grid[@visible='{showsecondtab}']/player_stats_entry[@textcontent='Block Damage Bonus (SO)']/@textcontent">
        Бонус урона блокам (Разбор)
    </set>
    <set xpath="//window[@name='CharacterFrameWindow']/grid[@visible='{showsecondtab}']/player_stats_entry[@textcontent='Harvest Count Bonus (SO)']/@textcontent">
        Бонус добычи ресурсов (Разбор)
    </set>

    <set xpath="//window[@name='CharacterFrameWindow']/grid[@visible='{showthirdtab}']/player_stats_entry[@textcontent='Total Opened Lootcontaienrs']/@textcontent">
        Всего открыто контейнеров
    </set>
    <set xpath="//window[@name='CharacterFrameWindow']/grid[@visible='{showthirdtab}']/player_stats_entry[@textcontent='Looting Speed Bonus']/@textcontent">
        Бонус скорости обыска
    </set>
    <set xpath="//window[@name='CharacterFrameWindow']/grid[@visible='{showthirdtab}']/player_stats_entry[@textcontent='Encumbered Time']/@textcontent">
        Время перегрузки
    </set>
    <set xpath="//window[@name='CharacterFrameWindow']/grid[@visible='{showthirdtab}']/player_stats_entry[@textcontent='Carry Capacity Bonus']/@textcontent">
        Бонус грузоподъемности
    </set>
    <set xpath="//window[@name='CharacterFrameWindow']/grid[@visible='{showthirdtab}']/player_stats_entry[@textcontent='Hits Taken']/@textcontent">
        Получено попаданий
    </set>
    <set xpath="//window[@name='CharacterFrameWindow']/grid[@visible='{showthirdtab}']/player_stats_entry[@textcontent='Damage Resistance Bonus']/@textcontent">
        Бонус сопротивления урону
    </set>
    <set xpath="//window[@name='CharacterFrameWindow']/grid[@visible='{showthirdtab}']/player_stats_entry[@textcontent='Healing Factor Bonus']/@textcontent">
        Бонус фактора лечения
    </set>
    <set xpath="//window[@name='CharacterFrameWindow']/grid[@visible='{showthirdtab}']/player_stats_entry[@textcontent='Total Jumps']/@textcontent">
        Всего прыжков
    </set>
    <set xpath="//window[@name='CharacterFrameWindow']/grid[@visible='{showthirdtab}']/player_stats_entry[@textcontent='Jump Stamina Bonus']/@textcontent">
        Бонус выносливости прыжков
    </set>
    <set xpath="//window[@name='CharacterFrameWindow']/grid[@visible='{showthirdtab}']/player_stats_entry[@textcontent='Total Walk Time']/@textcontent">
        Всего времени ходьбы
    </set>
    <set xpath="//window[@name='CharacterFrameWindow']/grid[@visible='{showthirdtab}']/player_stats_entry[@textcontent='Walk Speed Bonus']/@textcontent">
        Бонус скорости ходьбы
    </set>
    <set xpath="//window[@name='CharacterFrameWindow']/grid[@visible='{showthirdtab}']/player_stats_entry[@textcontent='Total Run Time']/@textcontent">
        Всего времени бега
    </set>
    <set xpath="//window[@name='CharacterFrameWindow']/grid[@visible='{showthirdtab}']/player_stats_entry[@textcontent='Run Speed Bonus']/@textcontent">
        Бонус скорости бега
    </set>
    <set xpath="//window[@name='CharacterFrameWindow']/grid[@visible='{showthirdtab}']/player_stats_entry[@textcontent='Run Stamina Bonus']/@textcontent">
        Бонус выносливости бега
    </set>
    <set xpath="//window[@name='CharacterFrameWindow']/grid[@visible='{showthirdtab}']/player_stats_entry[@textcontent='Player Level']/@textcontent">
        Уровень игрока
    </set>
    <set xpath="//window[@name='CharacterFrameWindow']/grid[@visible='{showthirdtab}']/player_stats_entry[@textcontent='Crafting Speed Bonus']/@textcontent">
        Бонус скорости крафта
    </set>
    <set xpath="//window[@name='CharacterFrameWindow']/grid[@visible='{showthirdtab}']/player_stats_entry[@textcontent='Low Health Time']/@textcontent">
        Время низкого здоровья
    </set>
    <set xpath="//window[@name='CharacterFrameWindow']/grid[@visible='{showthirdtab}']/player_stats_entry[@textcontent='Adrenaline Rush']/@textcontent">
        Выброс адреналина
    </set>
    <set xpath="//window[@name='CharacterFrameWindow']/grid[@visible='{showthirdtab}']/player_stats_entry[@textcontent='Total Injectors Used']/@textcontent">
        Всего использовано инъекторов
    </set>
    <set xpath="//window[@name='CharacterFrameWindow']/grid[@visible='{showthirdtab}']/player_stats_entry[@textcontent='Injector Duration Bonus']/@textcontent">
        Бонус длительности инъектора
    </set>
</configs>